Predicted Shock Arrival Time,Difference (hrs),Confidence (%),Submitted On,Lead Time (hrs),Predicted Geomagnetic Storm Parameter(s),Method,Submitted By,CME
"2013-03-16T16:59Z(-7.0h, +7.0h)",-12.48,NA,2013-03-15T14:04Z,39.4,Max Kp Range: 6.0 - 8.0,WEC (GSFC SWRC) ,Leila Mays (GSFC),2013-03-15T065400-CME-001
2013-03-16T20:00Z,-9.47,NA,2013-03-15T11:43Z,41.75,Max Kp Range: 5.0 - 6.0,WEC (NOAA/SWPC) ,Leila Mays (GSFC),2013-03-15T065400-CME-001
2013-03-17T00:00Z,-5.47,NA,2013-03-15T23:30Z,29.97,NA,ips.gov.au ,Leila Mays (GSFC),2013-03-15T065400-CME-001
2013-03-17T00:00Z,-5.47,NA,2013-03-16T00:39Z,28.82,NA,HAFv.3,Leila Mays (GSFC),2013-03-15T065400-CME-001
2013-03-17T01:00Z,-4.47,NA,2013-03-15T13:00Z,40.47,Dst min. in nT: -139 Dst min. time: 2013-03-17T11:00Z ,Anemomilos ,Leila Mays (GSFC),2013-03-15T065400-CME-001
2013-03-17T06:51Z,1.38,NA,NA,NA,Max Kp Range: 5.5 - 7.0, Average of all Methods ,Auto Generated (CCMC),2013-03-15T065400-CME-001
2013-03-17T09:00Z,3.53,NA,2013-03-16T01:26Z,28.03,NA, ESA ,Leila Mays (GSFC),2013-03-15T065400-CME-001
2013-03-17T10:46Z,5.3,NA,2013-03-16T10:41Z,18.78,NA,DBM ,Leila Mays (GSFC),2013-03-15T065400-CME-001
2013-03-17T15:00Z,9.53,NA,2013-03-16T12:29Z,16.98,Max Kp Range: -- - 7.0,BHV ,Leila Mays (GSFC),2013-03-15T065400-CME-001
2013-03-18T13:00Z,31.53,NA,2013-03-15T13:19Z,40.15,NA,SIDC ,Leila Mays (GSFC),2013-03-15T065400-CME-001
2013-04-12T10:00Z,-36.2,NA,2013-04-11T16:20Z,53.87,Dst min. in nT: -143 Dst min. time: 2013-04-12T20:00Z ,Anemomilos ,WKent Tobiska (SET SWD),2013-04-11T073600-CME-001
2013-04-12T21:29Z,-24.72,NA,2013-04-11T20:18Z,49.9,NA, STOA ,Leila Mays (GSFC),2013-04-11T073600-CME-001
2013-04-13T00:40Z,-21.53,NA,2013-04-11T09:42Z,60.5,NA, ESA ,Leila Mays (GSFC),2013-04-11T073600-CME-001
2013-04-13T01:00Z,-21.2,NA,2013-04-12T18:26Z,27.77,Dst min. in nT: -151 Dst min. time: 2013-04-13T11:00Z ,Anemomilos ,WKent Tobiska (SET SWD),2013-04-11T073600-CME-001
"2013-04-13T05:57Z(-7.0h, +7.0h)",-16.25,NA,2013-04-11T16:00Z,54.2,Max Kp Range: 6.0 - 8.0,WEC (GSFC SWRC) ,Leila Mays (GSFC),2013-04-11T073600-CME-001
2013-04-13T06:00Z,-16.2,NA,2013-04-11T11:30Z,58.7,Max Kp Range: -- - 7.0,SIDC ,Leila Mays (GSFC),2013-04-11T073600-CME-001
2013-04-13T10:00Z,-12.2,NA,2013-04-13T08:28Z,13.73,Dst min. in nT: -139 Dst min. time: 2013-04-13T22:00Z ,Anemomilos ,WKent Tobiska (SET SWD),2013-04-11T073600-CME-001
2013-04-13T10:33Z,-11.65,NA,NA,NA,Max Kp Range: 5.5 - 7.0825, Average of all Methods ,Auto Generated (CCMC),2013-04-11T073600-CME-001
2013-04-13T20:00Z,-2.2,NA,2013-04-11T13:38Z,56.57,Max Kp Range: 5.0 - 6.0,WEC (NOAA/SWPC) ,Leila Mays (GSFC),2013-04-11T073600-CME-001
2013-04-13T22:00Z,-0.2,NA,2013-04-13T18:35Z,3.62,Dst min. in nT: -148 Dst min. time: 2013-04-14T08:00Z ,Anemomilos ,WKent Tobiska (SET SWD),2013-04-11T073600-CME-001
2013-04-14T00:00Z,1.8,NA,2013-04-13T04:31Z,17.68,NA, HAFv2w ,Leila Mays (GSFC),2013-04-11T073600-CME-001
"2013-04-14T02:40Z(-2.0h, +2.0h)",4.47,NA,2013-04-11T16:22Z,53.83,NA,DBM ,Leila Mays (GSFC),2013-04-11T073600-CME-001
2013-04-14T03:00Z,4.8,NA,2013-04-12T15:47Z,30.42,Max Kp Range: -- - 7.33Dst min. time: 2013-04-14T09:00Z ,BHV ,Leila Mays (GSFC),2013-04-11T073600-CME-001
"2013-05-18T20:55Z(-10.0h, +10.0h)",-25.42,NA,2013-05-18T07:51Z,38.48,NA, STOA ,Leila Mays (GSFC),2013-05-17T092400-CME-001
2013-05-19T11:45Z,-10.58,NA,NA,NA,Max Kp Range: 5.0 - 6.0, Average of all Methods ,Auto Generated (CCMC),2013-05-17T092400-CME-001
"2013-05-19T11:59Z(-7.0h, +7.0h)",-10.35,NA,2013-05-17T17:03Z,53.28,Max Kp Range: 5.0 - 6.0,WEC (GSFC SWRC) ,Leila Mays (GSFC),2013-05-17T092400-CME-001
2013-05-19T12:00Z,-10.33,NA,2013-05-17T13:07Z,57.22,NA,SIDC ,Leila Mays (GSFC),2013-05-17T092400-CME-001
2013-05-19T14:00Z,-8.33,NA,2013-05-18T00:30Z,45.83,Max Kp Range: 5.0 - 6.0,WEC (NOAA/SWPC) ,Leila Mays (GSFC),2013-05-17T092400-CME-001
"2013-05-19T15:37Z(-7.0h, +7.0h)",-6.72,NA,2013-05-17T23:45Z,46.58,Max Kp Range: 5.0 - 6.0,WEC (GSFC SWRC) ,Leila Mays (GSFC),2013-05-17T092400-CME-001
2013-05-19T20:00Z,-2.33,NA,2013-05-17T23:52Z,46.47,Dst min. in nT: -33 Dst min. time: 2013-05-20T07:00Z ,Anemomilos ,Leila Mays (GSFC),2013-05-17T092400-CME-001
"2013-05-23T23:26Z(-10.0h, +10.0h)",-18.15,NA,2013-05-22T18:35Z,47,NA, STOA ,Leila Mays (GSFC),2013-05-22T132400-CME-001
2013-05-24T09:00Z,-8.58,NA,2013-05-22T21:43Z,43.87,Max Kp Range: -- - 5.0,WEC (NOAA/SWPC) ,Leila Mays (GSFC),2013-05-22T132400-CME-001
2013-05-24T15:30Z,-2.08,NA,2013-05-22T18:59Z,46.6,Max Kp Range: 6.0 - 7.66,BHV ,Leila Mays (GSFC),2013-05-22T132400-CME-001
2013-05-24T20:11Z,2.6,NA,NA,NA,Max Kp Range: 4.33333 - 5.665, Average of all Methods ,Auto Generated (CCMC),2013-05-22T132400-CME-001
"2013-05-25T12:00Z(-7.0h, +7.0h)",18.42,NA,2013-05-22T19:18Z,46.28,Max Kp Range: 3.0 - 5.0,WEC (GSFC SWRC) ,Leila Mays (GSFC),2013-05-22T132400-CME-001
2013-05-25T17:00Z,23.42,NA,2013-05-22T17:28Z,48.12,Max Kp Range: 4.0 - 5.0,SIDC ,Leila Mays (GSFC),2013-05-22T132400-CME-001
"2013-06-22T10:17Z(-7.0h, +7.0h)",-17.47,NA,2013-06-21T15:01Z,36.73,Max Kp Range: 6.0 - 7.0,WEC (GSFC SWRC) ,Leila Mays (GSFC),2013-06-21T032400-CME-001
2013-06-22T23:08Z,-4.62,NA,NA,NA,Max Kp Range: 4.5 - 5.5, Average of all Methods ,Auto Generated (CCMC),2013-06-21T032400-CME-001
2013-06-23T12:00Z,8.25,NA,2013-06-22T12:30Z,15.25,Max Kp Range: 3.0 - 4.0,WEC (NOAA/SWPC) ,Leila Mays (GSFC),2013-06-21T032400-CME-001
2013-06-30T12:00Z,1.33,NA,2013-06-28T17:43Z,40.95,Max Kp Range: -- - 5.0,WEC (NOAA/SWPC) ,Leila Mays (GSFC),2013-06-28T015400-CME-001
"2013-06-30T12:00Z(-7.0h, +7.0h)",1.33,NA,2013-06-28T19:23Z,39.28,NA,WEC (GSFC SWRC) ,Leila Mays (GSFC),2013-06-28T015400-CME-001
2013-06-30T21:30Z,10.83,NA,NA,NA,Max Kp Range: -- - 5.0, Average of all Methods ,Auto Generated (CCMC),2013-06-28T015400-CME-001
2013-07-01T00:00Z,13.33,NA,2013-06-28T12:34Z,46.1,NA,SIDC ,Leila Mays (GSFC),2013-06-28T015400-CME-001
2013-07-01T14:00Z,27.33,NA,2013-06-29T19:24Z,15.27,Dst min. in nT: -31 Dst min. time: 2013-07-01T23:59Z ,Anemomilos ,WKent Tobiska (SET SWD),2013-06-28T015400-CME-001
"2013-07-12T17:53Z(-7.0h, +7.0h)",-7.12,NA,2013-07-09T20:57Z,76.05,Max Kp Range: 4.0 - 6.0,WEC (GSFC SWRC) ,Leila Mays (GSFC),2013-07-09T150900-CME-001
2013-07-13T05:57Z,4.95,NA,NA,NA,Max Kp Range: 4.5 - 5.66667, Average of all Methods ,Auto Generated (CCMC),2013-07-09T150900-CME-001
2013-07-13T11:00Z,10,NA,2013-07-10T17:43Z,55.28,Max Kp Range: -- - 5.0,WEC (NOAA/SWPC) ,Leila Mays (GSFC),2013-07-09T150900-CME-001
2013-07-13T13:00Z,12,NA,2013-07-10T12:17Z,60.72,Max Kp Range: 5.0 - 6.0,SIDC ,Leila Mays (GSFC),2013-07-09T150900-CME-001
2013-07-15T10:00Z,NA,NA,2013-07-10T22:42Z,107.3,Dst min. in nT: -30 Dst min. time: 2013-07-15T21:00Z ,Anemomilos ,WKent Tobiska (SET SWD),2013-07-10T062400-CME-001
2013-07-15T10:00Z,NA,NA,NA,NA,NA, Average of all Methods ,Auto Generated (CCMC),2013-07-10T062400-CME-001
2013-08-05T04:00Z,NA,NA,2013-08-03T05:25Z,46.58,Max Kp Range: -- - 4.0,WEC (NOAA/SWPC) ,Leila Mays (GSFC),2013-08-02T142400-CME-001
"2013-08-05T06:00Z(-7.0h, +7.0h)",NA,NA,2013-08-02T07:41Z,70.32,NA,WEC (GSFC SWRC) ,Leila Mays (GSFC),2013-08-02T142400-CME-001
2013-08-08T18:20Z,NA,NA,NA,NA,Max Kp Range: -- - 4.0, Average of all Methods ,Auto Generated (CCMC),2013-08-02T142400-CME-001
2013-08-15T21:00Z,NA,NA,2013-08-12T18:52Z,74.13,Dst min. in nT: -61 Dst min. time: 2013-08-16T08:00Z ,Anemomilos ,WKent Tobiska (SET SWD),2013-08-02T142400-CME-001
2013-08-20T14:00Z,-7.57,NA,2013-08-18T17:00Z,52.57,Dst min. in nT: -32 Dst min. time: 2013-08-21T01:00Z ,Anemomilos ,Leila Mays (GSFC),2013-08-17T192400-CME-001
2013-08-20T14:00Z,-7.57,NA,NA,NA,NA, Average of all Methods ,Auto Generated (CCMC),2013-08-17T192400-CME-001
2013-08-22T23:11Z,4.47,NA,NA,NA,Max Kp Range: 3.0 - 5.0, Average of all Methods ,Auto Generated (CCMC),2013-08-20T082400-CME-001
"2013-08-22T23:11Z(-7.0h, +7.0h)",4.47,NA,2013-08-20T12:50Z,53.88,Max Kp Range: 3.0 - 5.0,WEC (GSFC SWRC) ,Leila Mays (GSFC),2013-08-20T082400-CME-001
2013-08-23T23:59Z,0.07,NA,NA,NA,Max Kp Range: 4.0 - 6.0, Average of all Methods ,Auto Generated (CCMC),2013-08-21T052400-CME-001
"2013-08-23T23:59Z(-7.0h, +7.0h)",0.07,NA,2013-08-21T17:12Z,54.72,Max Kp Range: 4.0 - 6.0,WEC (GSFC SWRC) ,Leila Mays (GSFC),2013-08-21T052400-CME-001
"2013-08-31T17:59Z(-10.0h, +10.0h)",-31.52,NA,2013-08-30T19:12Z,54.3,NA, STOA ,Leila Mays (GSFC),2013-08-30T024800-CME-001
2013-08-31T21:00Z,-28.5,NA,2013-08-30T12:55Z,60.58,NA,SIDC ,Leila Mays (GSFC),2013-08-30T024800-CME-001
2013-09-01T00:49Z,-24.68,NA,NA,NA,Max Kp Range: 4.0 - 5.0, Average of all Methods ,Auto Generated (CCMC),2013-08-30T024800-CME-001
2013-09-01T03:00Z,-22.5,NA,2013-08-30T15:21Z,58.15,Max Kp Range: 5.0 - --,WEC (NOAA/SWPC) ,Leila Mays (GSFC),2013-08-30T024800-CME-001
"2013-09-01T06:00Z(-7.0h, +7.0h)",NA,NA,2013-08-29T15:10Z,62.83,NA,WEC (GSFC SWRC) ,Leila Mays (GSFC),2013-08-29T060000-CME-001
"2013-09-01T09:19Z(-7.0h, +7.0h)",-16.18,NA,2013-08-30T14:15Z,59.25,Max Kp Range: 3.0 - 5.0,WEC (GSFC SWRC) ,Leila Mays (GSFC),2013-08-30T024800-CME-001
2013-09-02T01:00Z,NA,NA,NA,NA,NA, Average of all Methods ,Auto Generated (CCMC),2013-08-29T060000-CME-001
2013-09-02T20:00Z,NA,NA,2013-08-30T12:55Z,79.08,NA,SIDC ,Leila Mays (GSFC),2013-08-29T060000-CME-001
2013-09-23T00:00Z,NA,NA,2013-09-19T15:37Z,80.38,NA,SIDC ,Leila Mays (GSFC),2013-09-19T042500-CME-001
2013-09-23T07:00Z,NA,NA,2013-09-19T17:05Z,85.92,NA,WEC (NOAA/SWPC) ,Leila Mays (GSFC),2013-09-19T042500-CME-001
"2013-09-23T08:00Z(-7.0h, +7.0h)",NA,NA,2013-09-20T15:41Z,64.32,NA,WEC (GSFC SWRC) ,Leila Mays (GSFC),2013-09-19T042500-CME-001
2013-09-23T11:05Z,NA,NA,NA,NA,NA, Average of all Methods ,Auto Generated (CCMC),2013-09-19T042500-CME-001
2013-09-24T05:21Z,NA,NA,2013-09-19T19:16Z,106.08,NA,DBM ,Leila Mays (GSFC),2013-09-19T042500-CME-001
"2013-10-02T04:42Z(-10.9h, +9.4h)",3.37,NA,2013-10-01T17:33Z,7.78,Max Kp Range: 3.0 - 6.0,Ensemble WEC (GSFC SWRC) ,Leila Mays (GSFC),2013-09-29T224000-CME-001
"2013-10-02T06:15Z(-10.0h, +10.0h)",4.92,NA,2013-10-01T20:16Z,5.07,NA, STOA ,Leila Mays (GSFC),2013-09-29T224000-CME-001
"2013-10-02T14:39Z(-7.0h, +7.0h)",13.32,NA,2013-09-30T03:32Z,45.8,Max Kp Range: 3.0 - 5.0,WEC (GSFC SWRC) ,Leila Mays (GSFC),2013-09-29T224000-CME-001
2013-10-02T14:56Z,13.6,NA,NA,NA,Max Kp Range: 3.0 - 5.5, Average of all Methods ,Auto Generated (CCMC),2013-09-29T224000-CME-001
2013-10-02T19:00Z,17.67,NA,2013-09-30T15:05Z,34.25,Max Kp Range: -- - 6.0,WEC (NOAA/SWPC) ,Leila Mays (GSFC),2013-09-29T224000-CME-001
"2013-10-02T21:00Z(-7.0h, +7.0h)",19.67,NA,2013-10-01T01:39Z,23.68,NA, WEC ,RWC Jeju (KSWC),2013-09-29T224000-CME-001
"2013-10-03T00:00Z(-6.0h, +6.0h)",22.67,NA,2013-09-30T12:59Z,36.35,Max Kp Range: -- - 5.0,SIDC ,Leila Mays (GSFC),2013-09-29T224000-CME-001
2013-10-24T18:00Z,NA,NA,2013-10-23T13:29Z,28.52,Max Kp Range: -- - 5.0,SIDC ,Leila Mays (GSFC),2013-10-22T043600-CME-001
2013-10-25T06:02Z,NA,NA,NA,NA,Max Kp Range: 2.5 - 4.75, Average of all Methods ,Auto Generated (CCMC),2013-10-22T043600-CME-001
"2013-10-25T08:19Z(-10.3h, +10.9h)",NA,NA,2013-10-22T16:04Z,64.25,Max Kp Range: 2.0 - 5.0,Ensemble WEC (GSFC SWRC) ,Leila Mays (GSFC),2013-10-22T043600-CME-001
"2013-10-25T09:51Z(-7.0h, +7.0h)",NA,NA,2013-10-22T13:37Z,68.23,Max Kp Range: 3.0 - 4.0,WEC (GSFC SWRC) ,Leila Mays (GSFC),2013-10-22T043600-CME-001
2013-10-25T12:00Z,NA,NA,2013-10-22T13:15Z,70.75,Max Kp Range: -- - 5.0,WEC (NOAA/SWPC) ,Leila Mays (GSFC),2013-10-22T043600-CME-001
"2013-10-25T15:00Z(-4.0h, +4.0h)",NA,NA,2013-10-25T07:09Z,7.85,NA,DBM ,Manuela Temmer (UNIGRAZ),2013-10-22T220000-CME-001
"2013-10-26T02:30Z(-7.0h, +7.0h)",NA,NA,2013-10-23T19:51Z,54.65,Max Kp Range: 4.0 - 5.0,WEC (GSFC SWRC) ,Leila Mays (GSFC),2013-10-22T220000-CME-001
"2013-10-26T03:12Z(-10.0h, +10.0h)",NA,NA,2013-10-24T17:58Z,33.23,NA, STOA ,Leila Mays (GSFC),2013-10-22T220000-CME-001
"2013-10-26T05:00Z(-7.0h, +7.0h)",-47.67,NA,2013-10-24T15:12Z,85.47,Max Kp Range: 5.0 - 7.0,WEC (GSFC SWRC) ,Leila Mays (GSFC),2013-10-24T014800-CME-001
2013-10-26T10:07Z,NA,NA,NA,NA,Max Kp Range: 4.0 - 4.0, Average of all Methods ,Auto Generated (CCMC),2013-10-22T220000-CME-001
2013-10-26T16:00Z,NA,NA,2013-10-25T01:16Z,38.73,Max Kp Range: -- - 3.0,WEC (NOAA/SWPC) ,Leila Mays (GSFC),2013-10-22T220000-CME-001
"2013-10-26T16:03Z(-7.0h, +7.0h)",-36.62,NA,2013-10-24T18:55Z,81.75,Max Kp Range: 3.0 - 5.0,WEC (GSFC SWRC) ,Leila Mays (GSFC),2013-10-24T014800-CME-001
"2013-10-26T23:53Z(-10.0h, +10.0h)",-55.28,NA,2013-10-26T00:21Z,78.82,NA, STOA ,Leila Mays (GSFC),2013-10-25T151200-CME-001
2013-10-27T00:00Z,NA,NA,2013-10-23T17:11Z,78.82,NA,WEC (NOAA/SWPC) ,Leila Mays (GSFC),2013-10-22T220000-CME-001
2013-10-27T00:00Z,NA,NA,2013-10-24T13:08Z,58.87,NA,SIDC ,Leila Mays (GSFC),2013-10-22T220000-CME-001
"2013-10-27T00:00Z(-7.0h, +7.0h)",-28.67,NA,2013-10-26T01:28Z,51.2,NA, WEC ,RWC Jeju (KSWC),2013-10-24T014800-CME-001
2013-10-27T03:15Z,-25.42,NA,NA,NA,Max Kp Range: 4.0 - 6.0, Average of all Methods ,Auto Generated (CCMC),2013-10-24T014800-CME-001
2013-10-27T20:28Z,-34.7,NA,NA,NA,NA, Average of all Methods ,Auto Generated (CCMC),2013-10-25T151200-CME-001
2013-10-28T00:00Z,-31.17,NA,2013-10-26T13:46Z,65.4,NA,SIDC ,Leila Mays (GSFC),2013-10-25T151200-CME-001
"2013-10-28T04:00Z(-7.0h, +7.0h)",-27.17,NA,2013-10-27T00:18Z,54.87,NA, WEC ,RWC Jeju (KSWC),2013-10-25T151200-CME-001
2013-10-28T06:00Z,-25.17,NA,2013-10-25T21:15Z,81.92,NA,WEC (NOAA/SWPC) ,Leila Mays (GSFC),2013-10-25T151200-CME-001
2013-10-28T16:00Z,11.33,NA,2013-10-25T01:16Z,75.4,NA,WEC (NOAA/SWPC) ,Leila Mays (GSFC),2013-10-24T014800-CME-001
"2013-12-07T13:45Z(-4.0h, +4.0h)",-10.25,NA,2013-12-06T16:10Z,31.83,Max Kp Range: 3.0 - 6.0,Ensemble WEC (GSFC SWRC) ,Leila Mays (GSFC),2013-12-04T231200-CME-001
2013-12-07T15:52Z,-8.13,NA,NA,NA,Max Kp Range: 2.5 - 5.0, Average of all Methods ,Auto Generated (CCMC),2013-12-04T231200-CME-001
"2013-12-07T18:00Z(-7.0h, +7.0h)",-6,NA,2013-12-06T01:09Z,46.85,Max Kp Range: 2.0 - 4.0,WEC (GSFC SWRC) ,Leila Mays (GSFC),2013-12-04T231200-CME-001
"2013-12-14T18:11Z(-16.1h, +13.9h)",4.18,NA,2013-12-13T15:15Z,22.75,Max Kp Range: 2.0 - 6.0,Ensemble WEC (GSFC SWRC) ,Leila Mays (GSFC),2013-12-12T035400-CME-001
2013-12-14T23:16Z,9.27,NA,NA,NA,Max Kp Range: 2.5 - 4.66667, Average of all Methods ,Auto Generated (CCMC),2013-12-12T035400-CME-001
2013-12-15T00:00Z,10,NA,2013-12-13T00:30Z,37.5,Max Kp Range: -- - 4.0,WEC (NOAA/SWPC) ,Leila Mays (GSFC),2013-12-12T035400-CME-001
"2013-12-15T03:38Z(-7.0h, +7.0h)",13.63,NA,2013-12-12T17:09Z,44.85,Max Kp Range: 3.0 - 4.0,WEC (GSFC SWRC) ,Leila Mays (GSFC),2013-12-12T035400-CME-001
2014-01-07T08:00Z,-6.43,NA,2014-01-06T19:26Z,19,Max Kp Range: -- - 5.0,WEC (NOAA/SWPC) ,Leila Mays (GSFC),2014-01-04T212500-CME-001
"2014-01-07T12:00Z(-12.0h, +12.0h)",-2.43,NA,2014-01-05T23:30Z,38.93,NA,ips.gov.au ,Leila Mays (GSFC),2014-01-04T212500-CME-001
2014-01-07T15:00Z,0.57,NA,NA,NA,Max Kp Range: 3.0 - 5.0, Average of all Methods ,Auto Generated (CCMC),2014-01-04T212500-CME-001
"2014-01-07T16:03Z(-7.0h, +7.0h)",1.62,NA,2014-01-05T16:56Z,45.5,Max Kp Range: 3.0 - 5.0,WEC (GSFC SWRC) ,Leila Mays (GSFC),2014-01-04T212500-CME-001
2014-01-08T00:00Z,9.57,NA,2014-01-05T12:27Z,49.98,NA,SIDC ,Leila Mays (GSFC),2014-01-04T212500-CME-001
2014-01-08T12:30Z,-31.03,NA,2014-01-08T05:58Z,37.57,NA, ESA ,Leila Mays (GSFC),2014-01-07T182400-CME-001
2014-01-08T22:00Z,-21.53,NA,2014-01-08T03:17Z,40.25,Dst min. in nT: -146 Dst min. time: 2014-01-09T11:00Z ,Anemomilos ,WKent Tobiska (SET SWD),2014-01-07T182400-CME-001
"2014-01-09T00:17Z(-6.9h, +9.2h)",-19.25,NA,2014-01-08T04:11Z,39.35,Max Kp Range: 6.0 - 8.0,Ensemble WEC (GSFC SWRC) ,Leila Mays (GSFC),2014-01-07T182400-CME-001
"2014-01-09T00:38Z(-7.0h, +7.0h)",-18.9,NA,2014-01-08T00:41Z,42.85,Max Kp Range: 6.0 - 8.0,WEC (GSFC SWRC) ,Leila Mays (GSFC),2014-01-07T182400-CME-001
2014-01-09T01:00Z,-18.53,NA,2014-01-08T23:00Z,20.53,Dst min. in nT: -142 Dst min. time: 2014-01-09T12:00Z ,Anemomilos ,WKent Tobiska (SET SWD),2014-01-07T182400-CME-001
2014-01-09T02:00Z,-17.53,NA,2014-01-08T17:53Z,25.65,Max Kp Range: 8.0 - 9.0,BHV ,Volker Bothmer (UGOE),2014-01-07T182400-CME-001
"2014-01-09T04:00Z(-6.0h, +6.0h)",-15.53,NA,2014-01-08T09:42Z,33.83,NA,DBM ,Manuela Temmer (UNIGRAZ),2014-01-07T182400-CME-001
"2014-01-09T04:30Z(-2.5h, +2.5h)",-15.03,NA,2014-01-08T05:02Z,38.5,Max Kp Range: 5.0 - 8.0,SIDC ,Leila Mays (GSFC),2014-01-07T182400-CME-001
2014-01-09T06:35Z,-12.95,NA,NA,NA,Max Kp Range: 6.0 - 7.625, Average of all Methods ,Auto Generated (CCMC),2014-01-07T182400-CME-001
2014-01-09T08:00Z,-11.53,NA,2014-01-08T01:31Z,42.02,Max Kp Range: 6.0 - 7.0,WEC (NOAA/SWPC) ,Leila Mays (GSFC),2014-01-07T182400-CME-001
2014-01-09T08:02Z,-11.5,NA,2014-01-08T16:37Z,26.92,NA,ESPM,Alisson Dallago (INPE),2014-01-07T182400-CME-001
"2014-01-09T11:22Z(-11.7h, +9.1h)",-8.17,NA,2014-01-09T18:57Z,0.58,Max Kp Range: 3.0 - 5.0,Ensemble WEC (GSFC SWRC) ,Leila Mays (GSFC),2014-01-07T182400-CME-001
"2014-01-09T12:00Z(-7.0h, +7.0h)",-7.53,NA,2014-01-08T06:32Z,37,NA, WEC ,RWC Jeju (KSWC),2014-01-07T182400-CME-001
"2014-01-09T13:00Z(-7.0h, +7.0h)",-6.53,NA,2014-01-08T23:17Z,20.25,Max Kp Range: 6.0 - 8.0, WEC ,Duty Forecaster (ASFC),2014-01-07T182400-CME-001
"2014-01-09T19:26Z(-10.0h, +10.0h)",-0.1,NA,2014-01-07T21:00Z,46.53,NA, STOA ,Leila Mays (GSFC),2014-01-07T182400-CME-001
"2014-01-10T04:04Z(-16.0h, +36.0h)",8.53,NA,2014-01-08T14:56Z,28.6,Max Kp Range: 8.0 - 8.0Dst min. in nT: -300 ,COMESEP ,Andy Devos (SIDC),2014-01-07T182400-CME-001
"2014-01-16T21:09Z(-7.0h, +7.0h)",-44.97,NA,2014-01-14T17:41Z,96.43,Max Kp Range: 3.0 - 5.0,WEC (GSFC SWRC) ,Leila Mays (GSFC),2014-01-14T102400-CME-001
2014-01-17T13:00Z,-29.12,NA,2014-01-14T19:43Z,94.4,Max Kp Range: -- - 4.0,WEC (NOAA/SWPC) ,Leila Mays (GSFC),2014-01-14T102400-CME-001
2014-01-17T15:23Z,-26.73,NA,NA,NA,Max Kp Range: 3.0 - 4.5, Average of all Methods ,Auto Generated (CCMC),2014-01-14T102400-CME-001
"2014-01-18T12:00Z(-12.0h, +12.0h)",-6.12,NA,2014-01-15T10:41Z,79.43,NA,SIDC ,Leila Mays (GSFC),2014-01-14T102400-CME-001
2014-02-02T04:00Z,-19.3,NA,2014-01-31T17:22Z,53.93,Max Kp Range: -- - 5.0,WEC (NOAA/SWPC) ,Leila Mays (GSFC),2014-01-30T162400-CME-001
"2014-02-02T05:44Z(-11.4h, +10.0h)",-17.57,NA,2014-01-31T15:47Z,55.52,Max Kp Range: 4.0 - 6.0,Ensemble WEC (GSFC SWRC) ,Leila Mays (GSFC),2014-01-30T162400-CME-001
"2014-02-02T07:49Z(-7.0h, +7.0h)",-15.48,NA,2014-01-31T05:09Z,66.15,Max Kp Range: 4.0 - 6.0,WEC (GSFC SWRC) ,Leila Mays (GSFC),2014-01-30T162400-CME-001
2014-02-02T12:00Z,-11.3,NA,2014-01-30T21:49Z,73.48,NA,SIDC ,Leila Mays (GSFC),2014-01-30T162400-CME-001
2014-02-02T16:00Z,-7.3,NA,NA,NA,Max Kp Range: 4.0 - 5.66667, Average of all Methods ,Auto Generated (CCMC),2014-01-30T162400-CME-001
"2014-02-03T16:42Z(-7.0h, +7.0h)",NA,NA,2014-02-01T13:45Z,50.95,Max Kp Range: 4.0 - 6.0,WEC (GSFC SWRC) ,Leila Mays (GSFC),2014-01-31T163400-CME-001
"2014-02-03T17:20Z(-6.0h, +9.1h)",NA,NA,2014-02-02T02:44Z,38.6,Max Kp Range: 3.0 - 6.0,Ensemble WEC (GSFC SWRC) ,Leila Mays (GSFC),2014-01-31T163400-CME-001
2014-02-04T01:00Z,NA,NA,NA,NA,Max Kp Range: 3.5 - 5.0, Average of all Methods ,Auto Generated (CCMC),2014-01-31T163400-CME-001
"2014-02-04T02:28Z(-40.0h, +80.0h)",27.17,NA,2014-01-31T08:16Z,63.03,NA,COMESEP ,Andy Devos (SIDC),2014-01-30T162400-CME-001
2014-02-04T17:00Z,NA,NA,2014-02-01T11:25Z,77.58,Max Kp Range: -- - 3.0,WEC (NOAA/SWPC) ,Leila Mays (GSFC),2014-01-31T163400-CME-001
"2014-02-06T20:39Z(-18.0h, +23.0h)",-19.62,NA,2014-02-05T02:38Z,61.63,Max Kp Range: 2.0 - 5.0,Ensemble WEC (GSFC SWRC) ,Leila Mays (GSFC),2014-02-04T012500-CME-001
"2014-02-07T00:38Z(-7.0h, +7.0h)",-15.63,NA,2014-02-05T00:25Z,63.85,Max Kp Range: 3.0 - 5.0,WEC (GSFC SWRC) ,Leila Mays (GSFC),2014-02-04T012500-CME-001
2014-02-07T06:04Z,-10.2,NA,NA,NA,Max Kp Range: 2.5 - 4.66667, Average of all Methods ,Auto Generated (CCMC),2014-02-04T012500-CME-001
2014-02-07T09:00Z,-7.27,NA,2014-02-05T01:42Z,62.57,NA, WEC ,RWC Jeju (KSWC),2014-02-04T012500-CME-001
2014-02-07T18:00Z,1.73,NA,2014-02-04T13:11Z,75.08,Max Kp Range: -- - 4.0,SIDC ,Leila Mays (GSFC),2014-02-04T012500-CME-001
2014-02-14T10:38Z,-25.95,NA,2014-02-12T19:27Z,65.13,NA,SARM ,Leila Mays (GSFC),2014-02-12T054800-CME-001
"2014-02-14T18:00Z(-6.0h, +6.0h)",-18.58,NA,2014-02-13T00:30Z,60.08,Max Kp Range: 4.0 - 6.0,WEC (NOAA/SWPC) ,Leila Mays (GSFC),2014-02-12T054800-CME-001
"2014-02-14T19:06Z(-7.0h, +7.0h)",-17.48,NA,2014-02-12T19:51Z,64.73,Max Kp Range: 5.0 - 7.0,WEC (GSFC SWRC) ,Leila Mays (GSFC),2014-02-12T054800-CME-001
2014-02-14T21:30Z,-15.08,NA,NA,NA,Max Kp Range: 4.0 - 6.33333, Average of all Methods ,Auto Generated (CCMC),2014-02-12T054800-CME-001
"2014-02-14T23:47Z(-8.65h, +13.23h)",-12.8,NA,2014-02-13T02:33Z,58.03,Max Kp Range: 3.0 - 6.0,Ensemble WEC (GSFC SWRC) ,Leila Mays (GSFC),2014-02-12T054800-CME-001
2014-02-15T12:00Z,-0.58,NA,2014-02-12T23:03Z,61.53,NA,SIDC ,Leila Mays (GSFC),2014-02-12T054800-CME-001
"2014-02-20T16:29Z(-28.73h, +17.65h)",13.65,NA,2014-02-18T20:46Z,30.07,Max Kp Range: 2.0 - 6.0,Ensemble WEC (GSFC SWRC) ,Leila Mays (GSFC),2014-02-18T012500-CME-001
"2014-02-20T20:00Z(-12.0h, +12.0h)",17.17,NA,2014-02-18T10:05Z,40.75,NA,SIDC ,Leila Mays (GSFC),2014-02-18T012500-CME-001
2014-02-20T21:23Z,18.55,NA,NA,NA,Max Kp Range: 2.66667 - 5.0, Average of all Methods ,Auto Generated (CCMC),2014-02-18T012500-CME-001
2014-02-21T00:00Z,21.17,NA,2014-02-19T00:30Z,26.33,Max Kp Range: 3.0 - 4.0,WEC (NOAA/SWPC) ,Leila Mays (GSFC),2014-02-18T012500-CME-001
"2014-02-21T01:05Z(-7.0h, +7.0h)",22.25,NA,2014-02-18T20:38Z,30.2,Max Kp Range: 3.0 - 5.0,WEC (GSFC SWRC) ,Leila Mays (GSFC),2014-02-18T012500-CME-001
"2014-02-22T11:26Z(-7.0h, +7.0h)",-18.57,NA,2014-02-20T01:14Z,76.77,Max Kp Range: 4.0 - 6.0,WEC (GSFC SWRC) ,Leila Mays (GSFC),2014-02-19T160000-CME-001
"2014-02-22T12:20Z(-12.58h, +13.18h)",-17.67,NA,2014-02-20T15:30Z,62.5,Max Kp Range: 3.0 - 5.0,Ensemble WEC (GSFC SWRC) ,Leila Mays (GSFC),2014-02-19T160000-CME-001
2014-02-22T18:11Z,-11.82,NA,NA,NA,Max Kp Range: 3.33333 - 5.0, Average of all Methods ,Auto Generated (CCMC),2014-02-19T160000-CME-001
2014-02-23T00:00Z,-6,NA,2014-02-20T12:30Z,65.5,Max Kp Range: 3.0 - 4.0,WEC (NOAA/SWPC) ,Leila Mays (GSFC),2014-02-19T160000-CME-001
2014-02-23T01:00Z,-5,NA,2014-02-20T09:37Z,68.38,NA,SIDC ,Leila Mays (GSFC),2014-02-19T160000-CME-001
2014-02-26T12:15Z,-27.92,NA,2014-02-25T20:28Z,43.7,NA,ESPM,Leila Mays (GSFC),2014-02-25T012500-CME-001
2014-02-26T20:07Z,-20.05,NA,NA,NA,Max Kp Range: 3.0 - 5.0, Average of all Methods ,Auto Generated (CCMC),2014-02-25T012500-CME-001
2014-02-26T22:00Z,-18.17,NA,2014-02-26T00:30Z,39.67,Max Kp Range: -- - 4.0,WEC (NOAA/SWPC) ,Leila Mays (GSFC),2014-02-25T012500-CME-001
"2014-02-26T22:15Z(-11.27h, +20.72h)",-17.92,NA,2014-02-25T23:03Z,41.12,Max Kp Range: 3.0 - 6.0,Ensemble WEC (GSFC SWRC) ,Leila Mays (GSFC),2014-02-25T012500-CME-001
2014-02-27T00:00Z,-16.17,NA,2014-02-26T13:19Z,26.85,NA,SIDC ,Leila Mays (GSFC),2014-02-25T012500-CME-001
"2014-03-25T18:31Z(-7.0h, +7.0h)",-0.9,NA,2014-03-23T20:33Z,46.87,Max Kp Range: 4.0 - 6.0,WEC (GSFC SWRC) ,Leila Mays (GSFC),2014-03-23T040900-CME-001
2014-03-25T22:10Z,2.75,NA,NA,NA,Max Kp Range: 4.0 - 5.0, Average of all Methods ,Auto Generated (CCMC),2014-03-23T040900-CME-001
2014-03-26T00:00Z,4.58,NA,2014-02-24T12:55Z,702.5,Max Kp Range: -- - 5.0,SIDC ,Leila Mays (GSFC),2014-03-23T040900-CME-001
2014-03-26T00:00Z,4.58,NA,2014-03-24T00:30Z,42.92,Max Kp Range: -- - 4.0,WEC (NOAA/SWPC) ,Leila Mays (GSFC),2014-03-23T040900-CME-001
2014-04-01T05:00Z,NA,NA,2014-03-29T12:34Z,64.43,NA,SIDC ,Leila Mays (GSFC),2014-03-28T235800-CME-001
2014-04-01T10:40Z,NA,NA,NA,NA,Max Kp Range: 3.0 - 4.0, Average of all Methods ,Auto Generated (CCMC),2014-03-28T235800-CME-001
2014-04-01T12:00Z,NA,NA,2014-03-30T04:09Z,55.85,NA,WEC (GSFC SWRC) ,Leila Mays (GSFC),2014-03-28T235800-CME-001
2014-04-01T15:00Z,NA,NA,2014-03-30T00:30Z,62.5,Max Kp Range: 3.0 - 4.0,WEC (NOAA/SWPC) ,Leila Mays (GSFC),2014-03-28T235800-CME-001
2014-04-01T21:00Z,NA,NA,2014-03-31T02:37Z,42.38,NA, WEC ,RWC Jeju (KSWC),2014-03-29T183900-CME-001
"2014-04-01T21:30Z(-1.0h, +1.0h)",NA,NA,2014-04-01T22:49Z,-1.32,Max Kp Range: 3.0 - 4.0,Ensemble WEC (GSFC SWRC) ,Leila Mays (GSFC),2014-03-29T183900-CME-001
"2014-04-02T00:00Z(-7.0h, +7.0h)",NA,NA,2014-03-31T16:43Z,31.28,Max Kp Range: 2.0 - 3.0,WEC (GSFC SWRC) ,Leila Mays (GSFC),2014-03-30T122400-CME-001
"2014-04-02T00:00Z(-7.0h, +7.0h)",NA,NA,2014-03-29T23:45Z,72.25,NA,WEC (GSFC SWRC) ,Leila Mays (GSFC),2014-03-29T183900-CME-001
2014-04-02T01:54Z,NA,NA,NA,NA,Max Kp Range: 3.0 - 4.0, Average of all Methods ,Auto Generated (CCMC),2014-03-29T183900-CME-001
2014-04-02T04:30Z,NA,NA,2014-03-31T15:00Z,37.5,NA,SIDC ,Leila Mays (GSFC),2014-03-29T183900-CME-001
2014-04-02T06:00Z,NA,NA,2014-03-31T00:30Z,53.5,Max Kp Range: -- - 5.0,WEC (NOAA/SWPC) ,Leila Mays (GSFC),2014-03-30T122400-CME-001
2014-04-02T06:00Z,NA,NA,2014-03-31T00:30Z,53.5,Max Kp Range: 3.0 - 4.0,WEC (NOAA/SWPC) ,Leila Mays (GSFC),2014-03-29T183900-CME-001
2014-04-02T06:27Z,NA,NA,2014-03-31T16:22Z,38.08,NA,ESPM,Alisson Dallago (INPE),2014-03-29T183900-CME-001
2014-04-02T10:00Z,NA,NA,NA,NA,Max Kp Range: 2.0 - 4.0, Average of all Methods ,Auto Generated (CCMC),2014-03-30T122400-CME-001
2014-04-03T00:00Z,NA,NA,2014-03-31T09:09Z,62.85,NA,SIDC ,Leila Mays (GSFC),2014-03-30T122400-CME-001
"2014-04-04T09:21Z(-7.0h, +7.0h)",-24.32,NA,2014-04-02T22:27Z,59.22,Max Kp Range: 5.0 - 7.0,WEC (GSFC SWRC) ,Leila Mays (GSFC),2014-04-02T135500-CME-001
"2014-04-04T19:01Z(-10.0h, +6.3h)",-14.65,NA,2014-04-03T03:21Z,54.32,Max Kp Range: 3.0 - 7.0,Ensemble WEC (GSFC SWRC) ,Leila Mays (GSFC),2014-04-02T135500-CME-001
2014-04-05T00:00Z(-9.0h),-9.67,NA,2014-04-03T12:23Z,45.28,Max Kp Range: -- - 5.0,SIDC ,Leila Mays (GSFC),2014-04-02T135500-CME-001
2014-04-05T00:04Z,-9.6,NA,NA,NA,Max Kp Range: 4.0 - 6.33333, Average of all Methods ,Auto Generated (CCMC),2014-04-02T135500-CME-001
2014-04-05T03:00Z,-6.67,NA,2014-04-03T00:30Z,57.17,Max Kp Range: 4.0 - 5.0,WEC (NOAA/SWPC) ,Leila Mays (GSFC),2014-04-01T170000-CME-001
"2014-04-05T04:50Z(-7.0h, +7.0h)",-4.83,NA,2014-04-02T15:00Z,66.67,Max Kp Range: 3.0 - 5.0,WEC (GSFC SWRC) ,Leila Mays (GSFC),2014-04-01T170000-CME-001
2014-04-05T06:36Z,-3.07,NA,NA,NA,Max Kp Range: 3.5 - 5.0, Average of all Methods ,Auto Generated (CCMC),2014-04-01T170000-CME-001
2014-04-05T10:00Z,0.33,NA,2014-04-03T07:27Z,50.22,NA, WEC ,RWC Jeju (KSWC),2014-04-02T135500-CME-001
2014-04-05T10:00Z,0.33,NA,2014-04-03T22:35Z,35.08,Dst min. in nT: -158 Dst min. time: 2014-04-05T13:00Z ,Anemomilos ,WKent Tobiska (SET SWD),2014-04-02T135500-CME-001
"2014-04-05T12:00Z(-12.0h, +12.0h)",2.33,NA,2014-04-02T10:37Z,71.05,NA,SIDC ,Leila Mays (GSFC),2014-04-01T170000-CME-001
"2014-04-20T05:07Z(-4.03h, +6.13h)",-5.25,NA,2014-04-18T21:06Z,37.27,Max Kp Range: 4.0 - 8.0,Ensemble WEC (GSFC SWRC) ,Karin Muglach (GSFC),2014-04-18T130900-CME-001
"2014-04-20T09:09Z(-7.0h, +7.0h)",-1.22,NA,2014-04-18T21:37Z,36.75,Max Kp Range: 4.0 - 6.0,WEC (GSFC SWRC) ,Karin Muglach (GSFC),2014-04-18T130900-CME-001
2014-04-20T13:00Z,2.63,NA,2014-04-18T19:23Z,38.98,Max Kp Range: -- - 5.0,WEC (NOAA/SWPC) ,Leila Mays (GSFC),2014-04-18T130900-CME-001
2014-04-20T15:49Z,5.45,NA,NA,NA,Max Kp Range: 4.0 - 6.25, Average of all Methods ,Auto Generated (CCMC),2014-04-18T130900-CME-001
"2014-04-21T12:00Z(-12.0h, +12.0h)",25.63,NA,2014-04-18T20:02Z,38.33,Max Kp Range: -- - 6.0,SIDC ,Leila Mays (GSFC),2014-04-18T130900-CME-001
2014-04-24T16:30Z,NA,NA,NA,NA,NA, Average of all Methods ,Auto Generated (CCMC),2014-04-21T200200-CME-001
"2014-04-24T16:30Z(-13.0h, +13.0h)",NA,NA,2014-04-22T18:00Z,46.5,NA, SAO Crowdsource ,Michael Stevens (SAO),2014-04-21T200200-CME-001
"2014-06-07T20:56Z(-6.82h, +8.1h)",4.78,NA,2014-06-05T20:10Z,43.98,Max Kp Range: 3.0 - 6.0,Ensemble WEC (GSFC SWRC) ,Leila Mays (GSFC),2014-06-04T132500-CME-001
2014-06-07T22:28Z,6.32,NA,NA,NA,Max Kp Range: 3.0 - 6.0, Average of all Methods ,Auto Generated (CCMC),2014-06-04T132500-CME-001
"2014-06-08T00:00Z(-7.0h, +7.0h)",7.85,NA,2014-06-05T18:16Z,45.88,NA,WEC (GSFC SWRC) ,Leila Mays (GSFC),2014-06-04T132500-CME-001
"2014-06-12T20:28Z(-3.07h, +3.07h)",NA,NA,2014-06-11T14:59Z,29.48,Max Kp Range: 4.0 - 7.0,Ensemble WEC (GSFC SWRC) ,Leila Mays (GSFC),2014-06-10T130900-CME-001
"2014-06-13T06:00Z(-6.0h, +6.0h)",NA,NA,2014-06-10T21:26Z,56.57,NA,SIDC ,Leila Mays (GSFC),2014-06-10T130900-CME-001
2014-06-13T10:00Z,NA,NA,2014-06-12T17:25Z,16.58,Max Kp Range: -- - 4.0,WEC (NOAA/SWPC) ,Leila Mays (GSFC),2014-06-10T130900-CME-001
2014-06-13T12:00Z,NA,NA,2014-06-12T20:06Z,15.9,NA, WEC ,Met Office (Met Office),2014-06-10T130900-CME-001
"2014-06-13T16:00Z(-7.0h, +7.0h)",NA,NA,2014-06-10T18:47Z,69.22,Max Kp Range: 2.0 - 4.0,WEC (GSFC SWRC) ,Leila Mays (GSFC),2014-06-10T130900-CME-001
2014-06-13T19:07Z,NA,NA,NA,NA,Max Kp Range: 3.0 - 5.4, Average of all Methods ,Auto Generated (CCMC),2014-06-10T130900-CME-001
"2014-06-14T09:02Z(-9.5h, +18.63h)",NA,NA,2014-06-11T10:49Z,70.22,Max Kp Range: -- - 5.0,COMESEP ,Leila Mays (GSFC),2014-06-10T130900-CME-001
"2014-06-15T06:00Z(-6.0h, +6.0h)",-47.67,NA,2014-06-13T13:00Z,88.67,NA,SIDC ,Leila Mays (GSFC),2014-06-12T221200-CME-001
"2014-06-15T12:24Z(-28.0h, +31.5h)",NA,NA,2014-06-10T19:49Z,112.58,Max Kp Range: -- - 7.0,COMESEP ,Leila Mays (GSFC),2014-06-10T130900-CME-001
2014-06-15T18:00Z,-35.67,NA,NA,NA,NA, Average of all Methods ,Auto Generated (CCMC),2014-06-12T221200-CME-001
"2014-06-16T06:00Z(-7.0h, +7.0h)",-23.67,NA,2014-06-13T18:45Z,82.92,NA,WEC (GSFC SWRC) ,Anna Chulaki (CCMC),2014-06-12T221200-CME-001
"2014-06-22T07:00Z(-7.0h, +7.0h)",-39,NA,2014-06-20T15:00Z,79,NA,WEC (Met Office) ,Met Office (Met Office),2014-06-19T192400-CME-001
2014-06-22T15:00Z,-31,NA,2014-06-20T01:22Z,92.63,Max Kp Range: -- - 5.0,WEC (NOAA/SWPC) ,Leila Mays (GSFC),2014-06-19T192400-CME-001
"2014-06-22T16:12Z(-5.4h, +7.6h)",-29.8,NA,2014-06-20T22:59Z,71.02,Max Kp Range: 3.0 - 7.0,Ensemble WEC (GSFC SWRC) ,Leila Mays (GSFC),2014-06-19T192400-CME-001
"2014-06-22T18:00Z(-7.0h, +7.0h)",-28,NA,2014-06-20T00:18Z,93.7,Max Kp Range: 5.0 - 6.0,WEC (GSFC SWRC) ,Leila Mays (GSFC),2014-06-19T192400-CME-001
"2014-06-22T21:00Z(-2.0h, +2.0h)",-25,NA,2014-06-20T21:38Z,72.37,Max Kp Range: 0.7 - 1.0Dst min. in nT: -18 Dst min. time: 2014-06-23T02:00Z ,Rice-ENLIL Dst ,Ramkumar Bala (Rice),2014-06-19T192400-CME-001
2014-06-22T21:18Z,-24.7,NA,NA,NA,Max Kp Range: 2.9 - 4.75, Average of all Methods ,Auto Generated (CCMC),2014-06-19T192400-CME-001
2014-06-23T00:00Z,-22,NA,2014-06-21T02:00Z,68,NA,WEC (KSWC) ,RWC Jeju (KSWC),2014-06-19T192400-CME-001
"2014-06-24T00:00Z(-6.0h, +6.0h)",2,NA,2014-06-20T08:32Z,85.47,NA,SIDC ,Leila Mays (GSFC),2014-06-19T192400-CME-001
2014-06-24T11:00Z,NA,NA,2014-06-22T02:00Z,57,NA,WEC (KSWC) ,RWC Jeju (KSWC),2014-06-20T122400-CME-001
"2014-06-24T12:00Z(-12.0h, +12.0h)",NA,NA,2014-06-21T14:22Z,69.63,Max Kp Range: -- - 5.0,SIDC ,Leila Mays (GSFC),2014-06-20T122400-CME-001
2014-06-24T14:20Z,NA,NA,NA,NA,Max Kp Range: 2.0 - 4.0, Average of all Methods ,Auto Generated (CCMC),2014-06-20T122400-CME-001
"2014-06-24T20:00Z(-7.0h, +7.0h)",NA,NA,2014-06-21T19:36Z,72.4,Max Kp Range: 2.0 - 3.0,WEC (GSFC SWRC) ,Leila Mays (GSFC),2014-06-20T122400-CME-001
2014-06-28T14:00Z,-28,20,NA,NA,Max Kp Range: 2.0 - 4.0, Average of all Methods ,Auto Generated (CCMC),2014-06-25T125400-CME-001
"2014-06-28T14:00Z(-7.0h, +7.0h)",-28,20,2014-06-26T14:15Z,75.75,Max Kp Range: 2.0 - 4.0,WEC (GSFC SWRC) ,Leila Mays (GSFC),2014-06-25T125400-CME-001
2014-07-12T09:00Z,NA,NA,2014-07-18T15:55Z,-150.92,Max Kp Range: 2.0 - 4.0,WEC (GSFC SWRC) ,Jenna Zink (GMU),2014-07-08T161500-CME-001
2014-07-12T11:00Z,NA,NA,NA,NA,Max Kp Range: 2.0 - 4.0, Average of all Methods ,Auto Generated (CCMC),2014-07-08T161500-CME-001
2014-07-12T13:00Z,NA,NA,2014-07-09T08:50Z,76.17,NA,WEC (KSWC) ,RWC Jeju (KSWC),2014-07-08T161500-CME-001
2014-07-12T22:46Z,NA,NA,2014-07-18T15:55Z,-137.15,Max Kp Range: 4.0 - 6.0,WEC (GSFC SWRC) ,Jenna Zink (GMU),2014-07-09T190000-CME-001
2014-07-13T01:23Z,NA,NA,NA,NA,Max Kp Range: 4.0 - 6.0, Average of all Methods ,Auto Generated (CCMC),2014-07-09T190000-CME-001
2014-07-13T04:00Z,NA,NA,2014-07-10T02:00Z,74,NA,WEC (KSWC) ,RWC Jeju (KSWC),2014-07-09T190000-CME-001
"2014-08-01T14:34Z(-10.3h, +17.0h)",NA,75,2014-07-30T21:00Z,41.57,Max Kp Range: 2.0 - 6.0,Ensemble WEC (GSFC SWRC) ,Leila Mays (GSFC),2014-07-30T070000-CME-001
2014-08-01T22:00Z,NA,NA,2014-08-01T13:54Z,8.1,NA,ESPM,Alisson Dallago (INPE),2014-07-30T070000-CME-001
2014-08-02T03:00Z,NA,NA,2014-08-01T00:46Z,26.23,NA,WEC (KSWC) ,RWC Jeju (KSWC),2014-07-30T070000-CME-001
2014-08-02T04:20Z,NA,75,NA,NA,Max Kp Range: 2.0 - 5.0, Average of all Methods ,Auto Generated (CCMC),2014-07-30T070000-CME-001
"2014-08-02T04:28Z(-7.0h, +7.0h)",NA,NA,2014-07-30T17:43Z,58.75,Max Kp Range: 2.0 - 5.0,WEC (GSFC SWRC) ,Leila Mays (GSFC),2014-07-30T070000-CME-001
"2014-08-02T12:00Z(-12.0h, +12.0h)",NA,NA,2014-07-30T18:36Z,65.4,NA,SIDC ,Leila Mays (GSFC),2014-07-30T070000-CME-001
2014-08-02T18:00Z,NA,NA,2014-07-31T00:30Z,65.5,Max Kp Range: -- - 4.0,WEC (NOAA/SWPC) ,Leila Mays (GSFC),2014-07-30T070000-CME-001
2014-08-03T20:30Z,NA,NA,NA,NA,NA, Average of all Methods ,Auto Generated (CCMC),2014-08-01T120000-CME-001
"2014-08-03T20:30Z(-6.0h, +6.0h)",NA,NA,2014-08-01T19:10Z,49.33,NA,DBM ,Manuela Temmer (UNIGRAZ),2014-08-01T120000-CME-001
2014-08-04T05:00Z,NA,NA,2014-08-02T02:00Z,51,NA,WEC (KSWC) ,RWC Jeju (KSWC),2014-08-01T183600-CME-001
2014-08-04T10:00Z,NA,NA,NA,NA,NA, Average of all Methods ,Auto Generated (CCMC),2014-08-01T183600-CME-001
2014-08-04T15:00Z,NA,NA,2014-08-02T12:35Z,50.42,NA,SIDC ,Leila Mays (GSFC),2014-08-01T183600-CME-001
"2014-08-18T07:36Z(-11.3h, +11.3h)",-22.37,75,2014-08-17T15:02Z,38.93,Max Kp Range: 3.0 - 8.0,Ensemble WEC (GSFC SWRC) ,Leila Mays (GSFC),2014-08-15T211200-CME-001
"2014-08-18T08:30Z(-7.0h, +7.0h)",-21.47,NA,2014-08-16T03:52Z,74.1,Max Kp Range: 4.0 - 6.0,WEC (GSFC SWRC) ,Leila Mays (GSFC),2014-08-15T211200-CME-001
2014-08-18T23:37Z,-6.35,75,NA,NA,Max Kp Range: 3.5 - 6.33333, Average of all Methods ,Auto Generated (CCMC),2014-08-15T211200-CME-001
2014-08-19T00:00Z,-5.97,NA,2014-08-16T01:17Z,76.68,NA,WEC (KSWC) ,RWC Jeju (KSWC),2014-08-15T211200-CME-001
2014-08-19T12:00Z,6.03,NA,2014-08-16T12:30Z,65.47,Max Kp Range: -- - 5.0,WEC (NOAA/SWPC) ,Leila Mays (GSFC),2014-08-15T211200-CME-001
"2014-08-19T18:00Z(-6.0h, +6.0h)",12.03,NA,2014-08-16T13:20Z,64.63,NA,SIDC ,Leila Mays (GSFC),2014-08-15T211200-CME-001
"2014-08-25T09:00Z(-6.0h, +6.0h)",-39,NA,2014-08-23T09:58Z,86.03,NA,WEC (KSWC) ,RWC Jeju (KSWC),2014-08-22T062800-CME-001
"2014-08-25T23:01Z(-7.0h, +7.0h)",-24.98,NA,2014-08-22T18:45Z,101.25,Max Kp Range: 3.0 - 5.0,WEC (GSFC SWRC) ,Leila Mays (GSFC),2014-08-22T062800-CME-001
"2014-08-25T23:54Z(-5.8h, +4.6h)",-24.1,100,2014-08-22T23:42Z,96.3,Max Kp Range: 3.0 - 6.0,Ensemble WEC (GSFC SWRC) ,Leila Mays (GSFC),2014-08-22T062800-CME-001
2014-08-26T03:59Z,-20.02,100,NA,NA,Max Kp Range: 3.0 - 5.0, Average of all Methods ,Auto Generated (CCMC),2014-08-22T062800-CME-001
2014-08-26T12:00Z,-12,NA,2014-08-23T12:30Z,83.5,Max Kp Range: -- - 4.0,WEC (NOAA/SWPC) ,Leila Mays (GSFC),2014-08-22T062800-CME-001
2014-08-27T00:00Z,0,NA,2014-08-23T10:33Z,85.45,NA,SIDC ,Leila Mays (GSFC),2014-08-22T062800-CME-001
"2014-08-28T01:00Z(-6.0h, +6.0h)",NA,NA,2014-08-26T02:00Z,47,NA,WEC (KSWC) ,RWC Jeju (KSWC),2014-08-25T150100-CME-001
2014-08-28T12:20Z,NA,NA,NA,NA,Max Kp Range: 3.0 - 5.0, Average of all Methods ,Auto Generated (CCMC),2014-08-25T150100-CME-001
"2014-08-28T18:00Z(-6.0h, +6.0h)",NA,NA,2014-08-26T05:54Z,60.1,NA,SIDC ,Leila Mays (GSFC),2014-08-25T150100-CME-001
"2014-08-28T18:00Z(-7.0h, +7.0h)",NA,NA,2014-08-26T04:34Z,61.43,Max Kp Range: 3.0 - 5.0,WEC (GSFC SWRC) ,Leila Mays (GSFC),2014-08-25T150100-CME-001
"2014-09-05T08:52Z(-8.9h, +15.2h)",-19.68,100,2014-09-03T19:32Z,57.02,Max Kp Range: 3.0 - 6.0,Ensemble WEC (GSFC SWRC) ,Yaireska Collado (GSFC),2014-09-02T160000-CME-001
2014-09-05T23:17Z,-5.27,100,NA,NA,Max Kp Range: 3.0 - 5.0, Average of all Methods ,Auto Generated (CCMC),2014-09-02T160000-CME-001
"2014-09-06T01:00Z(-6.0h, +6.0h)",-3.55,NA,2014-09-03T02:00Z,74.55,NA,WEC (KSWC) ,RWC Jeju (KSWC),2014-09-02T160000-CME-001
2014-09-06T12:00Z,7.45,NA,2014-09-03T12:30Z,64.05,Max Kp Range: -- - 4.0,WEC (NOAA/SWPC) ,Leila Mays (GSFC),2014-09-02T160000-CME-001
"2014-09-11T16:42Z(-7.0h, +7.0h)",-6.23,NA,2014-09-09T13:01Z,57.92,Max Kp Range: 3.0 - 5.0,WEC (GSFC SWRC) ,Leila Mays (GSFC),2014-09-09T001600-CME-001
"2014-09-11T19:29Z(-11.8h, +12.7h)",-3.45,100,2014-09-09T18:42Z,52.23,Max Kp Range: 3.0 - 7.0,Ensemble WEC (GSFC SWRC) ,Leila Mays (GSFC),2014-09-09T001600-CME-001
"2014-09-11T20:26Z(-11.7h, +11.7h)",-2.5,57,2014-09-09T11:50Z,59.1,NA, SAO Crowdsource ,Michael Stevens (SAO),2014-09-09T001600-CME-001
2014-09-11T21:19Z,-1.62,78.5,NA,NA,Max Kp Range: 3.66667 - 6.0, Average of all Methods ,Auto Generated (CCMC),2014-09-09T001600-CME-001
2014-09-11T23:00Z,0.07,NA,2014-09-09T17:23Z,53.55,Max Kp Range: -- - 6.0,WEC (NOAA/SWPC) ,Leila Mays (GSFC),2014-09-09T001600-CME-001
"2014-09-12T03:00Z(-12.0h, +12.0h)",4.07,NA,2014-09-09T12:35Z,58.35,Max Kp Range: 5.0 - --,SIDC ,Leila Mays (GSFC),2014-09-09T001600-CME-001
"2014-09-12T11:47Z(-7.0h, +7.0h)",-3.65,NA,2014-09-11T01:21Z,38.08,Max Kp Range: 6.0 - 8.0,WEC (GSFC SWRC) ,Leila Mays (GSFC),2014-09-10T182400-CME-001
2014-09-12T13:00Z,-2.43,NA,2014-09-11T03:23Z,36.05,Max Kp Range: -- - 7.0,WEC (NOAA/SWPC) ,Leila Mays (GSFC),2014-09-10T182400-CME-001
"2014-09-12T13:39Z(-9.4h, +8.0h)",-1.78,100,2014-09-11T03:58Z,35.47,Max Kp Range: 6.0 - 8.0,Ensemble WEC (GSFC SWRC) ,Leila Mays (GSFC),2014-09-10T182400-CME-001
2014-09-12T14:00Z,-1.43,NA,2014-09-12T10:58Z,4.47,Max Kp Range: 4.0 - 7.0,WEC (Met Office) ,Met Office (Met Office),2014-09-10T182400-CME-001
"2014-09-12T15:00Z(-6.0h, +6.0h)",-0.43,100,2014-09-11T20:25Z,19.02,NA, SAO Crowdsource ,Michael Stevens (SAO),2014-09-10T182400-CME-001
2014-09-12T20:15Z,4.82,85,NA,NA,Max Kp Range: 5.5 - 7.66667, Average of all Methods ,Auto Generated (CCMC),2014-09-10T182400-CME-001
2014-09-12T21:00Z,5.57,NA,2014-09-11T09:40Z,29.77,Max Kp Range: 6.0 - 8.0,SIDC ,Andy Devos (SIDC),2014-09-10T182400-CME-001
2014-09-13T05:00Z,13.57,NA,2014-09-11T08:30Z,30.93,NA,WEC (KSWC) ,RWC Jeju (KSWC),2014-09-10T182400-CME-001
"2014-09-13T20:37Z(-13.4h, +1.1h)",29.18,55,2014-09-11T01:51Z,37.58,Max Kp Range: -- - 8.0,COMESEP ,Leila Mays (GSFC),2014-09-10T182400-CME-001
2014-09-30T18:00Z,NA,69,2014-09-28T04:45Z,61.25,Dst min. in nT: -31 Dst min. time: 2014-09-30T22:00Z ,Anemomilos ,WKent Tobiska (SET SWD),2014-09-28T025800-CME-001
2014-09-30T18:00Z,NA,69,NA,NA,NA, Average of all Methods ,Auto Generated (CCMC),2014-09-28T025800-CME-001
2014-10-01T20:00Z,NA,3,2014-09-30T02:37Z,41.38,Dst min. in nT: -38 Dst min. time: 2014-10-01T23:59Z ,Anemomilos ,WKent Tobiska (SET SWD),2014-09-29T220000-CME-001
2014-10-01T20:00Z,NA,3,NA,NA,NA, Average of all Methods ,Auto Generated (CCMC),2014-09-29T220000-CME-001
2014-10-06T14:00Z,NA,NA,2014-10-03T04:00Z,82,NA,WEC (Met Office) ,Met Office (Met Office),2014-10-02T220000-CME-001
2014-10-06T14:00Z,NA,NA,NA,NA,NA, Average of all Methods ,Auto Generated (CCMC),2014-10-02T220000-CME-001
2014-10-13T18:00Z,NA,NA,2014-10-10T19:55Z,70.08,NA,WEC (Met Office) ,Met Office (Met Office),2014-10-10T160000-CME-001
2014-10-13T18:00Z,NA,NA,NA,NA,NA, Average of all Methods ,Auto Generated (CCMC),2014-10-10T160000-CME-001
2014-11-02T06:00Z,NA,5,NA,NA,NA, Average of all Methods ,Auto Generated (CCMC),2014-10-29T142400-CME-001
"2014-11-02T06:00Z(-7.0h, +7.0h)",NA,5,2014-10-30T01:59Z,76.02,NA,WEC (GSFC SWRC) ,Leila Mays (GSFC),2014-10-29T142400-CME-001
"2014-11-03T08:00Z(-7.0h, +7.0h)",-14.45,10,2014-11-02T23:39Z,22.8,Max Kp Range: 3.0 - 5.0,WEC (GSFC SWRC) ,Leila Mays (GSFC),2014-11-01T051200-CME-001
2014-11-03T12:55Z,-9.53,10,NA,NA,Max Kp Range: 3.0 - 5.0, Average of all Methods ,Auto Generated (CCMC),2014-11-01T051200-CME-001
2014-11-03T17:50Z,-4.62,NA,2014-11-02T13:32Z,32.92,NA,SIDC ,Leila Mays (GSFC),2014-11-01T051200-CME-001
"2014-11-09T19:31Z(-7.0h, +7.0h)",-6.1,NA,2014-11-08T02:53Z,46.73,Max Kp Range: 6.0 - 8.0,WEC (GSFC SWRC) ,Leila Mays (GSFC),2014-11-07T180800-CME-001
"2014-11-09T20:59Z(-8.0h, +4.8h)",-4.63,100,2014-11-08T13:45Z,35.87,Max Kp Range: 6.0 - 7.0,Ensemble WEC (GSFC SWRC) ,Leila Mays (GSFC),2014-11-07T180800-CME-001
2014-11-10T03:42Z,2.08,100,NA,NA,Max Kp Range: 5.5 - 7.0, Average of all Methods ,Auto Generated (CCMC),2014-11-07T180800-CME-001
2014-11-10T05:00Z,3.38,NA,2014-11-08T09:25Z,40.2,Max Kp Range: 5.0 - 7.0,WEC (Met Office) ,Met Office (Met Office),2014-11-07T180800-CME-001
2014-11-10T06:00Z,4.38,NA,2014-11-08T12:30Z,37.12,Max Kp Range: 5.0 - 6.0,WEC (NOAA/SWPC) ,Leila Mays (GSFC),2014-11-07T180800-CME-001
2014-11-10T15:00Z(+9.0h),13.38,NA,2014-11-08T09:35Z,40.03,NA,SIDC ,Leila Mays (GSFC),2014-11-07T180800-CME-001
2014-12-17T06:00Z,NA,30,NA,NA,Max Kp Range: 3.0 - 5.0, Average of all Methods ,Auto Generated (CCMC),2014-12-14T195000-CME-001
"2014-12-17T06:00Z(-6.0h, +6.0h)",NA,30,2014-12-15T05:45Z,48.25,Max Kp Range: 3.0 - 5.0,WEC (Met Office) ,Met Office (Met Office),2014-12-14T195000-CME-001
2014-12-19T13:00Z,-39.22,NA,2014-12-18T00:33Z,75.67,Max Kp Range: 2.0 - 4.0,WEC (NOAA/SWPC) ,Yaireska Collado (GSFC),2014-12-17T050000-CME-001
2014-12-19T20:00Z,-32.22,NA,2014-12-21T00:27Z,3.77,NA,WEC (KSWC) ,RWC Jeju (KSWC),2014-12-17T050000-CME-001
"2014-12-19T20:00Z(-7.0h, +5.0h)",-32.22,70,2014-12-17T23:20Z,76.88,Max Kp Range: 4.0 - 6.0,Ensemble WEC (GSFC SWRC) ,Karin Muglach (GSFC),2014-12-17T050000-CME-001
2014-12-19T21:00Z,-31.22,NA,2014-12-18T02:10Z,74.05,NA,WEC (Met Office) ,Met Office (Met Office),2014-12-17T050000-CME-001
2014-12-20T00:10Z,-28.05,70,NA,NA,Max Kp Range: 3.33333 - 5.25, Average of all Methods ,Auto Generated (CCMC),2014-12-17T050000-CME-001
"2014-12-20T08:00Z(-7.0h, +7.0h)",-20.22,NA,2014-12-17T15:02Z,85.18,Max Kp Range: 4.0 - 6.0,WEC (GSFC SWRC) ,Yaireska Collado (GSFC),2014-12-17T050000-CME-001
2014-12-20T15:00Z,-13.22,NA,2014-12-18T21:29Z,54.73,Max Kp Range: -- - 5.0,SIDC ,Leila Mays (GSFC),2014-12-17T050000-CME-001
2014-12-21T01:00Z,-17.37,80,2014-12-19T16:15Z,50.12,Max Kp Range: 5.0 - 8.0,WEC (Met Office) ,Met Office (Met Office),2014-12-19T002700-CME-001
2014-12-21T02:00Z,-16.37,NA,2014-12-19T02:31Z,63.85,Max Kp Range: -- - 6.0,WEC (NOAA/SWPC) ,Yaireska Collado (GSFC),2014-12-19T002700-CME-001
"2014-12-21T05:17Z(-4.3h, +6.0h)",-13.08,100,2014-12-19T20:00Z,46.37,Max Kp Range: 6.0 - 8.0,Ensemble WEC (GSFC SWRC) ,Anna Chulaki (CCMC),2014-12-19T002700-CME-001
2014-12-21T07:00Z,-11.37,NA,2014-12-21T00:29Z,17.88,NA,WEC (KSWC) ,RWC Jeju (KSWC),2014-12-19T002700-CME-001
"2014-12-21T07:38Z(-7.0h, +7.0h)",-10.73,NA,2014-12-19T05:11Z,61.18,Max Kp Range: 6.0 - 8.0,WEC (GSFC SWRC) ,Karin Muglach (GSFC),2014-12-19T002700-CME-001
2014-12-21T08:36Z,-9.77,90,NA,NA,Max Kp Range: 5.75 - 7.6, Average of all Methods ,Auto Generated (CCMC),2014-12-19T002700-CME-001
"2014-12-21T09:00Z(-7.0h, +7.0h)",-9.37,NA,2014-12-21T16:41Z,1.68,Max Kp Range: 6.0 - 8.0,WEC (GSFC SWRC) ,Yaireska Collado (GSFC),2014-12-19T002700-CME-001
2014-12-21T13:00Z,-5.37,NA,2014-12-19T05:40Z,60.7,NA,WEC (Met Office) ,Met Office (Met Office),2014-12-19T002700-CME-001
2014-12-22T00:00Z,5.63,NA,2014-12-19T12:29Z,53.88,NA,SIDC ,Leila Mays (GSFC),2014-12-19T002700-CME-001
"2014-12-22T05:00Z(-6.0h, +6.0h)",-9.47,NA,2014-12-20T00:22Z,62.1,NA,WEC (KSWC) ,RWC Jeju (KSWC),2014-12-20T004800-CME-001
2014-12-22T10:00Z,-4.47,NA,2014-12-21T12:11Z,26.28,Max Kp Range: -- - 6.0,SIDC ,Leila Mays (GSFC),2014-12-20T004800-CME-001
"2014-12-22T10:00Z(-7.0h, +7.0h)",-4.47,NA,2014-12-21T16:41Z,21.78,Max Kp Range: 3.0 - 5.0,WEC (GSFC SWRC) ,Yaireska Collado (GSFC),2014-12-20T004800-CME-001
2014-12-22T13:45Z,-0.72,20,NA,NA,Max Kp Range: 3.0 - 5.33333, Average of all Methods ,Auto Generated (CCMC),2014-12-20T004800-CME-001
"2014-12-23T06:00Z(-7.0h, +7.0h)",15.53,20,2014-12-20T21:42Z,40.77,Max Kp Range: 3.0 - 5.0,WEC (GSFC SWRC) ,Leila Mays (GSFC),2014-12-20T004800-CME-001
"2015-01-03T12:00Z(-6.0h, +6.0h)",NA,40,2015-01-02T18:35Z,17.42,Max Kp Range: 4.0 - 6.0,WEC (Met Office) ,Met Office (Met Office),2016-01-02T015000-CME-001
2015-01-14T19:00Z,NA,NA,2015-01-13T09:45Z,33.25,NA,SIDC ,Leila Mays (GSFC),2015-01-12T153600-CME-001
"2015-01-14T20:27Z(-7.0h, +7.8h)",NA,75,2015-01-13T05:08Z,39.32,Max Kp Range: 5.0 - 7.0,Ensemble WEC (GSFC SWRC) ,Leila Mays (GSFC),2015-01-12T153600-CME-001
2015-01-15T02:00Z,NA,NA,2015-01-13T21:40Z,28.33,NA,WEC (Met Office) ,Met Office (Met Office),2015-01-12T153600-CME-001
2015-01-15T03:17Z,NA,75,NA,NA,Max Kp Range: 5.0 - 7.0, Average of all Methods ,Auto Generated (CCMC),2015-01-12T153600-CME-001
2015-01-15T08:00Z,NA,NA,2015-01-12T21:06Z,58.9,NA,WEC (GSFC SWRC) ,Leila Mays (GSFC),2015-01-12T153600-CME-001
2015-01-15T15:00Z,NA,NA,2015-01-13T12:30Z,50.5,NA,WEC (NOAA/SWPC) ,Leila Mays (GSFC),2015-01-12T153600-CME-001
2015-02-12T12:00Z,NA,30,NA,NA,Max Kp Range: 3.0 - 5.0, Average of all Methods ,Auto Generated (CCMC),2015-02-09T233500-CME-001
"2015-02-12T12:00Z(-9.0h, +12.0h)",NA,30,2015-02-11T08:30Z,27.5,Max Kp Range: 3.0 - 5.0,WEC (Met Office) ,Met Office (Met Office),2015-02-09T233500-CME-001
2015-03-03T23:00Z,NA,50,2015-03-02T07:15Z,39.75,NA,WEC (Met Office) ,Met Office (Met Office),2015-03-02T224300-CME-001
2015-03-04T00:00Z,NA,50,2015-03-01T03:30Z,68.5,Max Kp Range: 3.0 - 5.0,WEC (Met Office) ,Met Office (Met Office),2015-02-28T111200-CME-001
2015-03-04T00:00Z,NA,50,NA,NA,Max Kp Range: 3.0 - 5.0, Average of all Methods ,Auto Generated (CCMC),2015-02-28T111200-CME-001
2015-03-04T05:30Z,NA,45,NA,NA,NA, Average of all Methods ,Auto Generated (CCMC),2015-03-02T224300-CME-001
2015-03-04T12:00Z,NA,40,2015-03-03T07:20Z,28.67,NA,WEC (Met Office) ,Met Office (Met Office),2015-03-02T224300-CME-001
"2015-03-11T20:00Z(-12.0h, +12.0h)",NA,NA,2015-03-10T12:18Z,31.7,NA,SIDC ,Leila Mays (GSFC),2015-03-10T000000-CME-001
"2015-03-12T03:11Z(-7.0h, +6.2h)",NA,37.5,2015-03-10T18:31Z,32.67,Max Kp Range: 4.0 - 6.0,Ensemble WEC (GSFC SWRC) ,Leila Mays (GSFC),2015-03-10T000000-CME-001
"2015-03-12T06:00Z(-7.0h, +7.0h)",NA,NA,2015-03-10T14:43Z,39.28,NA,WEC (GSFC SWRC) ,Leila Mays (GSFC),2015-03-10T000000-CME-001
2015-03-12T10:11Z,NA,42.5,NA,NA,Max Kp Range: 4.0 - 6.0, Average of all Methods ,Auto Generated (CCMC),2015-03-10T000000-CME-001
2015-03-12T12:00Z,NA,NA,2015-03-10T17:24Z,42.6,Max Kp Range: -- - 5.0,WEC (NOAA/SWPC) ,Leila Mays (GSFC),2015-03-10T000000-CME-001
"2015-03-12T18:00Z(-12.0h, +6.0h)",NA,60,2015-03-11T10:14Z,31.77,Max Kp Range: 4.0 - 6.0,WEC (Met Office) ,Met Office (Met Office),2015-03-10T000000-CME-001
"2015-03-13T01:55Z(-11.0h, +21.0h)",NA,30,2015-03-10T10:49Z,63.1,Max Kp Range: -- - 7.0,COMESEP ,Leila Mays (GSFC),2015-03-10T000000-CME-001
"2015-03-16T18:00Z(-12.0h, +12.0h)",-10.08,NA,2015-03-15T12:05Z,40,NA,SIDC ,Leila Mays (GSFC),2015-03-15T020000-CME-001
2015-03-17T10:55Z,6.83,71.6667,NA,NA,Max Kp Range: 4.66667 - 6.4, Average of all Methods ,Auto Generated (CCMC),2015-03-15T020000-CME-001
"2015-03-17T11:39Z(-7.0h, +7.0h)",7.57,NA,2015-03-15T19:20Z,32.75,Max Kp Range: 5.0 - 7.0,WEC (GSFC SWRC) ,Dhanesh Krishnarao (GSFC),2015-03-15T020000-CME-001
"2015-03-17T11:48Z(-5.3h, +7.7h)",7.72,100,2015-03-16T02:54Z,25.18,Max Kp Range: 5.0 - 7.0,Ensemble WEC (GSFC SWRC) ,Leila Mays (GSFC),2015-03-15T020000-CME-001
"2015-03-17T12:00Z(-12.0h, +6.0h)",7.92,60,2015-03-15T17:30Z,34.58,Max Kp Range: 4.0 - 6.0,WEC (Met Office) ,Met Office (Met Office),2015-03-15T020000-CME-001
2015-03-17T18:00Z,13.92,NA,2015-03-15T07:22Z,44.72,Max Kp Range: -- - 5.0,WEC (NOAA/SWPC) ,Leila Mays (GSFC),2015-03-15T020000-CME-001
"2015-03-17T18:08Z(-15.0h, +26.3h)",14.05,55,2015-03-15T07:49Z,44.27,Max Kp Range: -- - 7.0,COMESEP ,Leila Mays (GSFC),2015-03-15T020000-CME-001
"2015-04-06T23:57Z(-6.17h, +12.78h)",-49.22,97,2015-04-05T21:11Z,75.98,Max Kp Range: 5.0 - 7.0,Ensemble WEC (GSFC SWRC) ,Yaireska Collado (GSFC),2015-04-04T233600-CME-001
"2015-04-07T01:12Z(-7.0h, +7.0h)",-47.97,NA,2015-04-05T15:41Z,81.48,Max Kp Range: 5.0 - 7.0,WEC (GSFC SWRC) ,Dhanesh Krishnarao (GSFC),2015-04-04T233600-CME-001
2015-04-07T11:32Z,-37.63,68.5,NA,NA,Max Kp Range: 4.66667 - 6.33333, Average of all Methods ,Auto Generated (CCMC),2015-04-04T233600-CME-001
"2015-04-07T21:00Z(-6.0h, +6.0h)",-28.17,40,2015-04-06T06:50Z,66.33,Max Kp Range: 4.0 - 5.0,WEC (Met Office) ,Met Office (Met Office),2015-04-04T233600-CME-001
"2015-04-08T00:00Z(-12.0h, +12.0h)",-25.17,NA,2015-04-05T12:30Z,84.67,NA,SIDC ,Leila Mays (GSFC),2015-04-04T233600-CME-001
"2015-04-09T07:37Z(-8.0h, +8.76h)",-16.38,100,2015-04-07T21:44Z,50.27,Max Kp Range: 3.0 - 6.0,Ensemble WEC (GSFC SWRC) ,Michelangelo Romano (GSFC),2015-04-06T203600-CME-001
"2015-04-09T08:18Z(-7.0h, +7.0h)",-15.7,NA,2015-04-07T14:48Z,57.2,Max Kp Range: 4.0 - 6.0,WEC (GSFC SWRC) ,Anna Chulaki (CCMC),2015-04-06T203600-CME-001
2015-04-09T12:17Z,-11.72,100,NA,NA,Max Kp Range: 3.5 - 5.66667, Average of all Methods ,Auto Generated (CCMC),2015-04-06T203600-CME-001
2015-04-09T13:00Z,-11,NA,2015-04-07T07:21Z,64.65,Max Kp Range: -- - 5.0,WEC (NOAA/SWPC) ,Leila Mays (GSFC),2015-04-06T203600-CME-001
2015-04-09T14:30Z,-9.5,NA,2015-04-08T16:14Z,31.77,NA,WEC (Met Office) ,Met Office (Met Office),2015-04-06T203600-CME-001
"2015-04-09T18:00Z(-6.0h, +6.0h)",-6,NA,2015-04-07T12:30Z,59.5,NA,SIDC ,Leila Mays (GSFC),2015-04-06T203600-CME-001
2015-05-06T04:00Z,3.17,60,2015-05-05T13:36Z,11.23,Max Kp Range: 3.0 - 5.0,WEC (Met Office) ,Met Office (Met Office),2015-05-02T213600-CME-001
2015-05-06T16:00Z,15.17,NA,2015-05-04T00:30Z,48.33,NA,WEC (NOAA/SWPC) ,Yaireska Collado (GSFC),2015-05-02T213600-CME-001
2015-05-06T20:40Z,19.83,60,NA,NA,Max Kp Range: 3.0 - 5.0, Average of all Methods ,Auto Generated (CCMC),2015-05-02T213600-CME-001
"2015-05-07T18:00Z(-7.0h, +7.0h)",41.17,NA,2015-05-03T03:53Z,68.95,NA,WEC (GSFC SWRC) ,Yaireska Collado (GSFC),2015-05-02T213600-CME-001
"2015-05-09T18:21Z(-1.83h, +1.72h)",-5.65,9,2015-05-08T01:47Z,46.22,Max Kp Range: 3.0 - 5.0,Ensemble WEC (GSFC SWRC) ,Yaireska Collado (GSFC),2015-05-06T170000-CME-001
"2015-05-09T19:35Z(-7.0h, +7.0h)",-4.42,NA,2015-05-07T15:58Z,56.03,Max Kp Range: 3.0 - 5.0,WEC (GSFC SWRC) ,Yaireska Collado (GSFC),2015-05-06T170000-CME-001
2015-05-10T00:38Z,0.63,9,NA,NA,Max Kp Range: 3.0 - 5.0, Average of all Methods ,Auto Generated (CCMC),2015-05-06T170000-CME-001
"2015-05-10T12:00Z(-12.0h, +12.0h)",12,NA,2015-05-07T12:30Z,59.5,NA,SIDC ,Leila Mays (GSFC),2015-05-06T170000-CME-001
"2015-05-17T12:00Z(-7.0h, +7.0h)",NA,NA,2015-05-14T13:54Z,70.1,Max Kp Range: 3.0 - 5.0,WEC (GSFC SWRC) ,Yaireska Collado (GSFC),2015-05-13T184800-CME-001
2015-05-17T13:00Z,NA,NA,NA,NA,Max Kp Range: 3.0 - 5.0, Average of all Methods ,Auto Generated (CCMC),2015-05-13T184800-CME-001
2015-05-17T14:00Z,NA,NA,2015-05-15T20:45Z,41.25,Max Kp Range: 3.0 - 5.0,WEC (Met Office) ,Met Office (Met Office),2015-05-13T184800-CME-001
"2015-06-12T10:24Z(-8.0h, +10.0h)",-1.92,95,2015-06-10T18:26Z,41.88,Max Kp Range: 3.0 - 7.0,Ensemble WEC (GSFC SWRC) ,Aleksandre Taktakishvili (GSFC),2015-06-09T200000-CME-001
2015-06-12T11:21Z,-0.97,95,NA,NA,Max Kp Range: 3.5 - 6.5, Average of all Methods ,Auto Generated (CCMC),2015-06-09T200000-CME-001
2015-06-12T12:19Z,0,NA,2015-06-10T18:22Z,41.95,Max Kp Range: 4.0 - 6.0,WEC (GSFC SWRC) ,Aleksandre Taktakishvili (GSFC),2015-06-09T200000-CME-001
"2015-06-21T02:20Z(-4.53h, +7.12h)",-13.33,31,2015-06-19T01:19Z,62.35,Max Kp Range: 3.0 - 5.0,Ensemble WEC (GSFC SWRC) ,Yaireska Collado (GSFC),2015-06-18T172400-CME-001
2015-06-21T04:00Z,-24.85,NA,2015-06-20T02:00Z,50.85,NA,WEC (KSWC) ,RWC Jeju (KSWC),2015-06-19T064200-CME-001
"2015-06-21T08:00Z(-12.0h, +12.0h)",-7.67,40,2015-06-19T11:51Z,51.82,Max Kp Range: 4.0 - 6.0,SIDC ,Leila Mays (GSFC),2015-06-18T172400-CME-001
"2015-06-21T09:26Z(-7.0h, +7.0h)",-6.23,31,2015-06-19T01:58Z,61.7,Max Kp Range: 2.0 - 5.0,WEC (GSFC SWRC) ,Barbara Thompson (GSFC),2015-06-18T172400-CME-001
2015-06-21T11:21Z,-4.32,43,NA,NA,Max Kp Range: 3.25 - 5.4, Average of all Methods ,Auto Generated (CCMC),2015-06-18T172400-CME-001
"2015-06-21T16:00Z(-12.0h, +12.0h)",0.33,70,2015-06-19T14:15Z,49.42,Max Kp Range: 4.0 - 6.0,WEC (Met Office) ,Met Office (Met Office),2015-06-18T172400-CME-001
2015-06-21T21:00Z,5.33,NA,2015-06-19T01:23Z,62.28,Max Kp Range: -- - 5.0,WEC (NOAA/SWPC) ,Leila Mays (GSFC),2015-06-18T172400-CME-001
"2015-06-22T06:04Z(-7.0h, +7.0h)",1.22,NA,2015-06-19T17:50Z,59.02,Max Kp Range: 4.0 - 6.0,WEC (GSFC SWRC) ,Yaireska Collado (GSFC),2015-06-19T064200-CME-001
"2015-06-22T08:00Z(-12.0h, +12.0h)",3.15,30,2015-06-19T20:25Z,56.43,Max Kp Range: 4.0 - 6.0,SIDC ,Leila Mays (GSFC),2015-06-19T064200-CME-001
2015-06-22T09:07Z,4.27,63.3333,NA,NA,Max Kp Range: 3.75 - 6.0, Average of all Methods ,Auto Generated (CCMC),2015-06-19T064200-CME-001
"2015-06-22T13:43Z(-8.0h, +8.5h)",8.87,100,2015-06-19T23:56Z,52.92,Max Kp Range: 3.0 - 7.0,Ensemble WEC (GSFC SWRC) ,Zak Titus (GSFC),2015-06-19T064200-CME-001
2015-06-22T14:00Z,-3.98,NA,2015-06-22T15:23Z,2.6,Max Kp Range: -- - 7.0,WEC (NOAA/SWPC) ,Leila Mays (GSFC),2015-06-21T024800-CME-001
"2015-06-22T17:00Z(-12.0h, +12.0h)",-0.98,90,2015-06-21T10:26Z,31.55,Max Kp Range: 4.0 - 8.0,SIDC ,Leila Mays (GSFC),2015-06-21T024800-CME-001
"2015-06-22T19:03Z(-5.15h, +3.33h)",1.07,100,2015-06-22T03:32Z,14.45,Max Kp Range: 7.0 - 8.0,Ensemble WEC (GSFC SWRC) ,Michelangelo Romano (GSFC),2015-06-21T024800-CME-001
2015-06-22T19:48Z,1.82,97.5,NA,NA,Max Kp Range: 5.5 - 7.8, Average of all Methods ,Auto Generated (CCMC),2015-06-21T024800-CME-001
2015-06-22T21:00Z,3.02,NA,2015-06-22T01:00Z,16.98,Max Kp Range: 5.0 - 8.0,WEC (Met Office) ,Met Office (Met Office),2015-06-21T024800-CME-001
2015-06-22T21:00Z,16.15,NA,2015-06-19T17:24Z,59.45,Max Kp Range: -- - 5.0,WEC (NOAA/SWPC) ,Leila Mays (GSFC),2015-06-19T064200-CME-001
"2015-06-22T21:43Z(-7.0h, +7.0h)",3.73,100,2015-06-22T03:25Z,14.57,Max Kp Range: 6.0 - 8.0,WEC (GSFC SWRC) ,Michelangelo Romano (GSFC),2015-06-21T024800-CME-001
"2015-06-22T22:50Z(-5.0h, +8.0h)",4.85,NA,2015-06-22T09:20Z,8.65,NA, ElEvo ,Christian Moestl (Graz),2015-06-21T024800-CME-001
2015-06-22T23:00Z(+7.0h),5.02,100,2015-06-22T06:28Z,11.52,NA,DBM ,Manuela Temmer (UNIGRAZ),2015-06-21T024800-CME-001
"2015-06-23T02:00Z(-12.0h, +12.0h)",21.15,60,2015-06-20T12:28Z,40.38,Max Kp Range: 4.0 - 6.0,WEC (Met Office) ,Met Office (Met Office),2015-06-19T064200-CME-001
"2015-06-24T12:00Z(-12.0h, +12.0h)",-0.95,75,2015-06-23T02:41Z,34.27,Max Kp Range: 5.0 - 8.0,SIDC ,Leila Mays (GSFC),2015-06-22T183600-CME-001
2015-06-24T15:00Z,2.05,NA,2015-06-24T01:35Z,11.37,NA,WEC (KSWC) ,RWC Jeju (KSWC),2015-06-22T183600-CME-001
"2015-06-24T15:00Z(-5.0h, +5.0h)",2.05,100,2015-06-23T06:52Z,30.08,NA,DBM ,Manuela Temmer (UNIGRAZ),2015-06-22T183600-CME-001
2015-06-24T17:38Z,4.68,91.6667,NA,NA,Max Kp Range: 5.66667 - 7.6, Average of all Methods ,Auto Generated (CCMC),2015-06-22T183600-CME-001
"2015-06-24T18:18Z(-7.0h, +7.0h)",5.35,NA,2015-06-23T02:46Z,34.18,Max Kp Range: 6.0 - 8.0,WEC (GSFC SWRC) ,Zak Titus (GSFC),2015-06-22T183600-CME-001
"2015-06-24T19:10Z(-6.85h, +9.66h)",6.22,100,2015-06-23T12:45Z,24.2,Max Kp Range: 6.0 - 8.0,Ensemble WEC (GSFC SWRC) ,Yaireska Collado (GSFC),2015-06-22T183600-CME-001
2015-06-24T21:00Z,8.05,NA,2015-06-23T13:30Z,23.45,Max Kp Range: -- - 7.0,WEC (Met Office) ,Met Office (Met Office),2015-06-22T183600-CME-001
2015-06-24T23:00Z,10.05,NA,2015-06-23T01:23Z,35.57,Max Kp Range: -- - 7.0,WEC (NOAA/SWPC) ,Leila Mays (GSFC),2015-06-22T183600-CME-001
"2015-06-26T16:00Z(-12.0h, +12.0h)",-11.5,NA,2015-06-25T10:51Z,40.65,Max Kp Range: -- - 8.0,SIDC ,Leila Mays (GSFC),2015-06-25T083600-CME-001
2015-06-27T05:00Z,1.5,NA,2015-06-25T15:30Z,36,NA,WEC (Met Office) ,Met Office (Met Office),2015-06-25T083600-CME-001
"2015-06-27T10:00Z(-7.0h, +7.0h)",6.5,NA,2015-06-25T13:21Z,38.15,NA,DBM ,Manuela Temmer (UNIGRAZ),2015-06-25T083600-CME-001
2015-06-27T11:28Z,7.97,58,NA,NA,Max Kp Range: 3.0 - 5.75, Average of all Methods ,Auto Generated (CCMC),2015-06-25T083600-CME-001
2015-06-27T15:00Z,11.5,NA,2015-06-26T17:26Z,10.07,Max Kp Range: -- - 6.0,WEC (NOAA/SWPC) ,Leila Mays (GSFC),2015-06-25T083600-CME-001
"2015-06-27T15:18Z(-12.2h, +9.3h)",11.8,58,2015-06-25T21:33Z,29.95,Max Kp Range: 3.0 - 5.0,Ensemble WEC (GSFC SWRC) ,Karin Muglach (GSFC),2015-06-25T083600-CME-001
2015-06-27T17:00Z,13.5,NA,2015-06-27T01:10Z,2.33,NA,WEC (KSWC) ,RWC Jeju (KSWC),2015-06-25T083600-CME-001
"2015-06-28T02:00Z(-7.0h, +7.0h)",22.5,NA,2015-06-25T16:45Z,34.75,Max Kp Range: 3.0 - 4.0,WEC (GSFC SWRC) ,Yaireska Collado (GSFC),2015-06-25T083600-CME-001
"2015-07-22T15:00Z(-12.0h, +12.0h)",-0.5,NA,2015-07-20T12:30Z,51,Max Kp Range: 2.0 - 4.0,SIDC ,Leila Mays (GSFC),2015-07-19T094800-CME-001
"2015-07-22T18:00Z(-7.0h, +7.0h)",2.5,NA,2015-07-20T15:26Z,48.07,Max Kp Range: 3.0 - 4.0,WEC (GSFC SWRC) ,Yaireska Collado (GSFC),2015-07-19T094800-CME-001
2015-07-22T18:30Z,3,70,NA,NA,Max Kp Range: 2.66667 - 4.25, Average of all Methods ,Auto Generated (CCMC),2015-07-19T094800-CME-001
2015-07-22T20:00Z,4.5,NA,2015-07-19T17:23Z,70.12,Max Kp Range: -- - 4.0,WEC (NOAA/SWPC) ,Leila Mays (GSFC),2015-07-19T094800-CME-001
2015-07-22T21:00Z,5.5,70,2015-07-20T07:12Z,56.3,Max Kp Range: 3.0 - 5.0,WEC (Met Office) ,Met Office (Met Office),2015-07-19T094800-CME-001
"2015-08-16T00:01Z(-6.0h, +6.0h)",16.3,70,2015-08-14T12:55Z,18.8,Max Kp Range: 3.0 - 5.0,WEC (Met Office) ,Met Office (Met Office),2015-08-12T151200-CME-001
2015-08-16T03:00Z,19.28,NA,2015-08-13T15:20Z,40.38,Max Kp Range: -- - 5.0,WEC (NOAA/SWPC) ,Leila Mays (GSFC),2015-08-12T151200-CME-001
"2015-08-16T04:00Z(-12.0h, +12.0h)",20.28,20,2015-08-13T13:14Z,42.48,Max Kp Range: 3.0 - 4.0,SIDC ,Leila Mays (GSFC),2015-08-12T151200-CME-001
2015-08-16T04:26Z,20.72,60.3333,NA,NA,Max Kp Range: 2.5 - 4.2, Average of all Methods ,Auto Generated (CCMC),2015-08-12T151200-CME-001
"2015-08-16T06:02Z(-7.0h, +6.66h)",22.32,91,2015-08-13T18:35Z,37.13,Max Kp Range: 2.0 - 4.0,Ensemble WEC (GSFC SWRC) ,Yaireska Collado (GSFC),2015-08-12T151200-CME-001
"2015-08-16T09:09Z(-7.0h, +7.0h)",25.43,NA,2015-08-13T13:49Z,41.9,Max Kp Range: 2.0 - 3.0,WEC (GSFC SWRC) ,Leila Mays (GSFC),2015-08-12T151200-CME-001
2015-08-18T05:00Z,NA,NA,2015-08-16T15:15Z,37.75,Max Kp Range: -- - 4.0,WEC (NOAA/SWPC) ,Leila Mays (GSFC),2015-08-14T093600-CME-001
"2015-08-18T12:00Z(-7.0h, +7.0h)",NA,10,2015-08-14T22:01Z,85.98,NA,WEC (GSFC SWRC) ,Leila Mays (GSFC),2015-08-14T093600-CME-001
2015-08-18T17:45Z,NA,23.3333,NA,NA,Max Kp Range: 3.0 - 4.33333, Average of all Methods ,Auto Generated (CCMC),2015-08-14T093600-CME-001
"2015-08-18T18:00Z(-12.0h, +8.0h)",NA,40,2015-08-17T19:30Z,22.5,Max Kp Range: 3.0 - 5.0,WEC (Met Office) ,Met Office (Met Office),2015-08-14T093600-CME-001
"2015-08-19T12:00Z(-12.0h, +12.0h)",NA,20,2015-08-17T01:57Z,58.05,Max Kp Range: 3.0 - 4.0,SIDC ,Leila Mays (GSFC),2015-08-14T093600-CME-001
2015-08-24T03:00Z,NA,NA,2015-08-23T12:30Z,14.5,Max Kp Range: -- - 5.0,WEC (NOAA/SWPC) ,Leila Mays (GSFC),2015-08-22T072400-CME-001
"2015-08-24T06:00Z(-10.0h, +10.0h)",NA,70,2015-08-23T05:45Z,24.25,Max Kp Range: 4.0 - 6.0,WEC (Met Office) ,Met Office (Met Office),2015-08-22T072400-CME-001
"2015-08-24T06:48Z(-7.0h, +7.0h)",NA,NA,2015-08-22T23:57Z,30.85,Max Kp Range: 4.0 - 6.0,WEC (GSFC SWRC) ,Leila Mays (GSFC),2015-08-22T072400-CME-001
2015-08-24T11:08Z,NA,70.3333,NA,NA,Max Kp Range: 3.75 - 5.6, Average of all Methods ,Auto Generated (CCMC),2015-08-22T072400-CME-001
"2015-08-24T12:39Z(-13.48h, +13.22h)",NA,91,2015-08-23T12:31Z,24.13,Max Kp Range: 4.0 - 6.0,Ensemble WEC (GSFC SWRC) ,Yaireska Collado (GSFC),2015-08-22T072400-CME-001
"2015-08-25T03:14Z(-12.0h, +12.0h)",NA,50,2015-08-23T10:42Z,40.53,Max Kp Range: 3.0 - 5.0,SIDC ,Leila Mays (GSFC),2015-08-22T072400-CME-001
"2015-08-25T12:00Z(-7.0h, +7.0h)",NA,NA,2015-08-22T16:23Z,67.62,NA,WEC (GSFC SWRC) ,Yaireska Collado (GSFC),2015-08-21T102400-CME-001
"2015-08-25T15:00Z(-12.0h, +12.0h)",NA,20,2015-08-22T18:00Z,69,Max Kp Range: 2.0 - 4.0,WEC (Met Office) ,Met Office (Met Office),2015-08-21T102400-CME-001
2015-08-25T19:23Z,NA,20,NA,NA,Max Kp Range: 2.0 - 4.0, Average of all Methods ,Auto Generated (CCMC),2015-08-21T102400-CME-001
"2015-08-26T07:10Z(-12.0h, +12.0h)",NA,20,2015-08-22T11:54Z,91.27,Max Kp Range: 2.0 - 4.0,SIDC ,Leila Mays (GSFC),2015-08-21T102400-CME-001
2015-09-04T05:15Z,NA,26.6667,NA,NA,Max Kp Range: 3.5 - 6.0, Average of all Methods ,Auto Generated (CCMC),2016-01-02T015000-CME-001
"2015-09-08T20:00Z(-7.0h, +7.0h)",18.53,NA,2015-09-05T23:16Z,50.2,Max Kp Range: 2.0 - 4.0,WEC (GSFC SWRC) ,Alexandra Wold (SWRC),2015-09-04T192400-CME-001
"2015-09-09T12:00Z(-12.0h, +12.0h)",34.53,30,2015-09-05T09:14Z,64.23,Max Kp Range: 3.0 - 5.0,SIDC ,Leila Mays (GSFC),2015-09-04T192400-CME-001
2015-09-09T20:15Z,42.78,36.6667,NA,NA,Max Kp Range: 2.75 - 4.75, Average of all Methods ,Auto Generated (CCMC),2015-09-04T192400-CME-001
2015-09-10T02:00Z,48.53,40,2015-09-06T07:39Z,41.82,Max Kp Range: 3.0 - 5.0,WEC (Met Office) ,Met Office (Met Office),2015-09-04T192400-CME-001
2015-09-10T23:00Z,69.53,40,2015-09-07T04:20Z,21.13,Max Kp Range: 3.0 - 5.0,WEC (Met Office) ,Met Office (Met Office),2015-09-04T192400-CME-001
2015-09-20T12:00Z,6.55,NA,2015-09-18T17:10Z,36.28,NA,WEC (Met Office) ,Met Office (Met Office),2015-09-18T043000-CME-001
"2015-09-20T17:14Z(-7.0h, +7.0h)",11.78,NA,2015-09-18T17:44Z,35.72,Max Kp Range: 4.0 - 6.0,WEC (GSFC SWRC) ,Anna Chulaki (CCMC),2015-09-18T043000-CME-001
2015-09-20T21:00Z,15.55,NA,2015-09-19T00:30Z,28.95,Max Kp Range: -- - 5.0,WEC (NOAA/SWPC) ,Leila Mays (GSFC),2015-09-18T043000-CME-001
2015-09-20T22:50Z,17.38,20,NA,NA,Max Kp Range: 3.33333 - 5.75, Average of all Methods ,Auto Generated (CCMC),2015-09-18T043000-CME-001
"2015-09-21T07:00Z(-12.0h, +12.0h)",25.55,15,2015-09-19T11:43Z,17.73,Max Kp Range: 2.0 - 5.0,SIDC ,Leila Mays (GSFC),2015-09-18T043000-CME-001
2015-09-21T09:00Z,27.55,25,2015-09-19T06:15Z,23.2,Max Kp Range: 4.0 - 7.0,WEC (Met Office) ,Met Office (Met Office),2015-09-18T043000-CME-001
"2015-09-22T18:00Z(-12.0h, +12.0h)",NA,15,2015-09-20T21:53Z,44.12,Max Kp Range: 2.0 - 7.0,SIDC ,Leila Mays (GSFC),2015-09-20T183000-CME-001
"2015-09-22T19:24Z(-3.38h, +1.5h)",NA,14,2015-09-21T02:45Z,40.65,Max Kp Range: 4.0 - 6.0,Ensemble WEC (GSFC SWRC) ,Yaireska Collado (GSFC),2015-09-20T183000-CME-001
2015-09-22T21:00Z,NA,NA,2015-09-21T12:30Z,32.5,Max Kp Range: -- - 4.0,WEC (NOAA/SWPC) ,Leila Mays (GSFC),2015-09-20T183000-CME-001
2015-09-22T21:21Z,NA,16.3333,NA,NA,Max Kp Range: 3.0 - 5.5, Average of all Methods ,Auto Generated (CCMC),2015-09-20T183000-CME-001
"2015-09-23T03:00Z(-6.0h, +6.0h)",NA,20,2015-09-21T15:40Z,35.33,Max Kp Range: 3.0 - 5.0,WEC (Met Office) ,Met Office (Met Office),2015-09-20T183000-CME-001
2015-10-04T09:00Z,NA,NA,2015-09-30T23:28Z,81.53,Max Kp Range: -- - 5.0,WEC (NOAA/SWPC) ,Leila Mays (GSFC),2015-09-30T093600-CME-001
2015-10-04T12:00Z,NA,NA,2015-10-01T07:20Z,76.67,Max Kp Range: 4.0 - 6.0,WEC (Met Office) ,Met Office (Met Office),2015-09-30T093600-CME-001
2015-10-04T15:30Z,NA,10,NA,NA,Max Kp Range: 3.5 - 5.33333, Average of all Methods ,Auto Generated (CCMC),2015-09-30T093600-CME-001
"2015-10-04T18:00Z(-7.0h, +7.0h)",NA,NA,2015-09-30T16:09Z,97.85,NA,WEC (GSFC SWRC) ,Leila Mays (GSFC),2015-09-30T093600-CME-001
"2015-10-04T23:00Z(-12.0h, +12.0h)",NA,10,2015-10-01T07:29Z,87.52,Max Kp Range: 3.0 - 5.0,SIDC ,Leila Mays (GSFC),2015-09-30T093600-CME-001
"2015-10-24T11:49Z(-7.0h, +7.0h)",-6.62,NA,2015-10-22T18:40Z,47.77,Max Kp Range: 3.0 - 5.0,WEC (GSFC SWRC) ,Anna Chulaki (CCMC),2015-10-22T031200-CME-001
"2015-10-24T12:00Z(-12.0h, +12.0h)",-6.43,20,2015-10-22T12:27Z,53.98,Max Kp Range: 3.0 - 6.0,SIDC ,Leila Mays (GSFC),2015-10-22T031200-CME-001
2015-10-24T15:59Z,-2.45,NA,2015-10-23T22:30Z,19.93,NA,SPM2 ,Xinhua Zhao (NSSC CAS),2015-10-22T031200-CME-001
2015-10-24T17:09Z,-1.28,45,NA,NA,Max Kp Range: 3.33333 - 5.5, Average of all Methods ,Auto Generated (CCMC),2015-10-22T031200-CME-001
"2015-10-24T21:00Z(-6.0h, +6.0h)",2.57,70,2015-10-23T00:30Z,41.93,Max Kp Range: 4.0 - 6.0,WEC (Met Office) ,Met Office (Met Office),2015-10-22T031200-CME-001
2015-10-25T01:00Z,6.57,NA,2015-10-22T11:23Z,55.05,Max Kp Range: -- - 5.0,WEC (NOAA/SWPC) ,Leila Mays (GSFC),2015-10-22T031200-CME-001
2015-11-06T22:25Z,4.85,NA,2015-11-05T22:06Z,19.47,NA,SPM2 ,Xinhua Zhao (NSSC CAS),2015-11-04T142400-CME-001
2015-11-07T00:00Z,6.43,NA,2015-11-05T13:08Z,28.43,NA,WEC (BoM) ,Leila Mays (GSFC),2015-11-04T142400-CME-001
"2015-11-07T02:26Z(-8.2h, +7.78h)",8.87,100,2015-11-05T01:30Z,40.07,Max Kp Range: 4.0 - 6.0,Ensemble WEC (GSFC SWRC) ,Karin Muglach (GSFC),2015-11-04T142400-CME-001
2015-11-07T03:06Z,9.53,NA,2015-11-05T22:09Z,19.42,NA,SPM ,Xinhua Zhao (NSSC CAS),2015-11-04T142400-CME-001
"2015-11-07T04:00Z(-12.0h, +12.0h)",10.43,50,2015-11-04T21:39Z,43.92,Max Kp Range: 3.0 - 6.0,SIDC ,Yihua Zheng (GSFC),2015-11-04T142400-CME-001
2015-11-07T06:34Z,13,80,NA,NA,Max Kp Range: 4.25 - 5.4, Average of all Methods ,Auto Generated (CCMC),2015-11-04T142400-CME-001
"2015-11-07T08:40Z(-10.0h, +10.0h)",15.1,NA,2015-11-04T21:33Z,44.02,Max Kp Range: 4.0 - 6.0,WEC (GSFC SWRC) ,Yihua Zheng (GSFC),2015-11-04T142400-CME-001
"2015-11-07T13:00Z(-6.0h, +6.0h)",19.43,90,2015-11-05T06:35Z,34.98,Max Kp Range: 6.0 - 4.0,WEC (Met Office) ,Met Office (Met Office),2015-11-04T142400-CME-001
"2015-11-07T14:30Z(-3.5h, +5.5h)",20.93,80,2015-11-05T09:47Z,31.78,NA,DBM ,Manuela Temmer (UNIGRAZ),2015-11-04T142400-CME-001
2015-11-07T15:00Z,21.43,NA,2015-11-05T03:22Z,38.2,Max Kp Range: -- - 5.0,WEC (NOAA/SWPC) ,Leila Mays (GSFC),2015-11-04T142400-CME-001
2015-11-11T18:39Z,NA,NA,2015-11-10T22:52Z,19.78,NA,SPM ,Xinhua Zhao (NSSC CAS),2015-11-09T133600-CME-001
2015-11-11T18:53Z,NA,NA,2015-11-10T22:49Z,20.07,NA,SPM2 ,Xinhua Zhao (NSSC CAS),2015-11-09T133600-CME-001
"2015-11-11T20:00Z(-12.0h, +12.0h)",NA,50,2015-11-10T10:24Z,33.6,Max Kp Range: 3.0 - 5.0,SIDC ,Leila Mays (GSFC),2015-11-09T133600-CME-001
"2015-11-11T21:58Z(-7.5h, +5.5h)",NA,54,2015-11-10T16:49Z,29.15,Max Kp Range: 3.0 - 6.0,Ensemble WEC (GSFC SWRC) ,Leila Mays (GSFC),2015-11-09T133600-CME-001
"2015-11-11T22:00Z(-6.0h, +6.0h)",NA,70,2015-11-10T17:15Z,28.75,Max Kp Range: 4.0 - 6.0,WEC (Met Office) ,Met Office (Met Office),2015-11-09T133600-CME-001
2015-11-11T22:33Z,NA,58,NA,NA,Max Kp Range: 3.33333 - 5.5, Average of all Methods ,Auto Generated (CCMC),2015-11-09T133600-CME-001
2015-11-11T23:00Z,NA,NA,2015-11-10T05:23Z,41.62,Max Kp Range: -- - 5.0,WEC (NOAA/SWPC) ,Leila Mays (GSFC),2015-11-09T133600-CME-001
2015-11-12T02:00Z,NA,NA,2015-11-12T14:09Z,-12.15,NA,ips.gov.au ,Leila Mays (GSFC),2015-11-09T133600-CME-001
"2015-11-12T06:00Z(-7.0h, +7.0h)",NA,NA,2015-11-10T13:42Z,40.3,NA,WEC (GSFC SWRC) ,Leila Mays (GSFC),2015-11-09T133600-CME-001
2015-11-18T10:00Z,-9.4,NA,2015-11-17T01:21Z,42.05,Max Kp Range: -- - 4.0,WEC (NOAA/SWPC) ,Leila Mays (GSFC),2015-11-16T031200-CME-001
2015-11-18T10:00Z,-9.4,NA,2015-11-17T13:08Z,30.27,NA,WEC (BoM) ,Leila Mays (GSFC),2015-11-16T031200-CME-001
"2015-11-18T10:27Z(-4.52h, +5.62h)",-8.95,75,2015-11-16T20:27Z,46.95,Max Kp Range: 3.0 - 5.0,Ensemble WEC (GSFC SWRC) ,Yaireska Collado (GSFC),2015-11-16T031200-CME-001
"2015-11-18T11:49Z(-7.0h, +7.0h)",-7.58,NA,2015-11-16T18:28Z,48.93,Max Kp Range: 3.0 - 5.0,WEC (GSFC SWRC) ,Yaireska Collado (GSFC),2015-11-16T031200-CME-001
"2015-11-18T12:00Z(-6.0h, +12.0h)",-7.4,80,2015-11-16T18:50Z,48.57,Max Kp Range: 4.0 - 7.0,WEC (Met Office) ,Met Office (Met Office),2015-11-16T031200-CME-001
2015-11-18T12:09Z,-7.25,53,NA,NA,Max Kp Range: 4.0 - 5.25, Average of all Methods ,Auto Generated (CCMC),2015-11-16T031200-CME-001
"2015-11-18T13:00Z(-12.0h, +12.0h)",-6.4,4,2015-11-17T08:41Z,34.72,Max Kp Range: 6.0 - --,SIDC ,Leila Mays (GSFC),2015-11-16T031200-CME-001
2015-11-18T13:57Z,-5.45,NA,2015-11-17T14:49Z,28.58,NA,SPM2 ,Xinhua Zhao (NSSC CAS),2015-11-16T031200-CME-001
2015-11-18T16:05Z,-3.32,NA,2015-11-17T14:49Z,28.58,NA,SPM ,Xinhua Zhao (NSSC CAS),2015-11-16T031200-CME-001
2015-12-18T21:00Z,-18.45,NA,2015-12-17T06:30Z,56.95,NA,WEC (Met Office) ,Met Office (Met Office),2015-12-16T093600-CME-001
2015-12-18T22:00Z,-17.45,NA,2015-12-17T07:18Z,56.15,Max Kp Range: -- - 5.0,WEC (NOAA/SWPC) ,Leila Mays (GSFC),2015-12-16T093600-CME-001
2015-12-18T22:32Z,-16.92,NA,2015-12-17T22:35Z,40.87,NA,SPM2 ,Xinhua Zhao (NSSC CAS),2015-12-16T093600-CME-001
2015-12-19T01:17Z,-14.17,78.3333,NA,NA,Max Kp Range: 3.75 - 5.8, Average of all Methods ,Auto Generated (CCMC),2015-12-16T093600-CME-001
"2015-12-19T01:17Z(-7.0h, +7.0h)",-14.17,NA,2015-12-16T21:15Z,66.2,Max Kp Range: 4.0 - 6.0,WEC (GSFC SWRC) ,Karin Muglach (GSFC),2015-12-16T093600-CME-001
"2015-12-19T04:00Z(-12.0h, +12.0h)",-11.45,90,2015-12-17T11:08Z,52.32,Max Kp Range: 4.0 - 6.0,SIDC ,Leila Mays (GSFC),2015-12-16T093600-CME-001
"2015-12-19T04:14Z(-8.3h, +8.17h)",-11.22,75,2015-12-17T00:30Z,62.95,Max Kp Range: 3.0 - 5.0,Ensemble WEC (GSFC SWRC) ,Karin Muglach (GSFC),2015-12-16T093600-CME-001
"2015-12-19T06:00Z(-12.0h, +12.0h)",-9.45,70,2015-12-17T11:13Z,52.23,Max Kp Range: 4.0 - 7.0,SIDC ,Leila Mays (GSFC),2015-12-16T093600-CME-001
2015-12-30T10:00Z,-14.03,NA,2015-12-28T21:14Z,50.8,Max Kp Range: -- - 6.0,WEC (NOAA/SWPC) ,Leila Mays (GSFC),2015-12-28T123900-CME-001
"2015-12-30T16:00Z(-4.0h, +9.0h)",-8.03,90,2015-12-29T01:00Z,47.03,Max Kp Range: 5.0 - 7.0,WEC (Met Office) ,Met Office (Met Office),2015-12-28T123900-CME-001
"2015-12-30T18:26Z(-7.0h, +7.0h)",-5.6,NA,2015-12-28T17:45Z,54.28,Max Kp Range: 5.0 - 7.0,WEC (GSFC SWRC) ,Yaireska Collado (GSFC),2015-12-28T123900-CME-001
2015-12-30T18:53Z,-5.15,90,NA,NA,Max Kp Range: 4.5 - 6.6, Average of all Methods ,Auto Generated (CCMC),2015-12-28T123900-CME-001
"2015-12-30T20:13Z(-9.43h, +8.53h)",-3.82,100,2015-12-29T03:54Z,44.13,Max Kp Range: 4.0 - 6.0,Ensemble WEC (GSFC SWRC) ,Yaireska Collado (GSFC),2015-12-28T123900-CME-001
"2015-12-30T21:00Z(-12.0h, +12.0h)",-3.03,80,2015-12-28T23:14Z,48.8,Max Kp Range: 4.0 - 7.0,SIDC ,Leila Mays (GSFC),2015-12-28T123900-CME-001
2015-12-31T03:39Z,3.62,NA,2015-12-30T11:45Z,12.28,NA,SPM2 ,Xinhua Zhao (NSSC CAS),2015-12-28T123900-CME-001
"2016-01-03T15:00Z(-12.0h, +12.0h)",NA,40,2016-01-02T11:00Z,28,Max Kp Range: 3.0 - 6.0,SIDC ,Leila Mays (GSFC),2016-01-02T015000-CME-001
2016-01-04T12:46Z,NA,0,2016-01-04T11:03Z,1.72,NA,SPM2 ,Xinhua Zhao (NSSC CAS),2016-01-02T015000-CME-001
2016-01-09T21:44Z,NA,0,2016-01-09T19:59Z,1.75,NA,SPM2 ,Xinhua Zhao (NSSC CAS),2016-01-06T120000-CME-001
2016-01-10T10:37Z,NA,10,NA,NA,Max Kp Range: 2.0 - 4.0, Average of all Methods ,Auto Generated (CCMC),2016-01-06T120000-CME-001
"2016-01-10T23:30Z(-12.0h, +12.0h)",NA,20,2016-01-07T09:25Z,86.08,Max Kp Range: 2.0 - 4.0,SIDC ,Leila Mays (GSFC),2016-01-06T120000-CME-001
2016-01-18T00:40Z,-20.33,0,2016-01-17T20:09Z,24.85,NA,SPM2 ,Xinhua Zhao (NSSC CAS),2016-01-15T000000-CME-001
"2016-01-18T07:54Z(-5.5h, +4.3h)",-13.1,71,2016-01-15T21:37Z,71.38,Max Kp Range: 3.0 - 5.0,Ensemble WEC (GSFC SWRC) ,Leila Mays (GSFC),2016-01-15T000000-CME-001
"2016-01-18T12:38Z(-7.0h, +7.0h)",-8.37,NA,2016-01-15T17:09Z,75.85,Max Kp Range: 3.0 - 5.0,WEC (GSFC SWRC) ,Yaireska Collado (GSFC),2016-01-15T000000-CME-001
2016-01-18T18:02Z,-2.97,34,NA,NA,Max Kp Range: 3.0 - 4.75, Average of all Methods ,Auto Generated (CCMC),2016-01-15T000000-CME-001
"2016-01-19T09:00Z(-12.0h, +12.0h)",12,35,2016-01-16T12:44Z,56.27,Max Kp Range: 3.0 - 4.0,SIDC ,Leila Mays (GSFC),2016-01-15T000000-CME-001
"2016-01-19T12:00Z(-12.0h, +12.0h)",15,30,2016-01-16T18:35Z,50.42,Max Kp Range: 3.0 - 5.0,WEC (Met Office) ,Met Office (Met Office),2016-01-15T000000-CME-001
2016-02-08T21:00Z,-66.9,50,2016-02-06T16:00Z,119.9,Max Kp Range: 4.0 - 7.0,WEC (Met Office) ,Met Office (Met Office),2016-02-05T213000-CME-001
2016-02-08T21:11Z,-66.72,0,2016-02-07T23:30Z,88.4,NA,SPM2 ,Xinhua Zhao (NSSC CAS),2016-02-05T213000-CME-001
2016-02-08T23:03Z,-64.85,4,2016-02-07T03:11Z,108.72,NA,Ensemble WEC (GSFC SWRC) ,Leila Mays (GSFC),2016-02-05T213000-CME-001
2016-02-09T03:38Z,-60.27,23.5,NA,NA,Max Kp Range: 3.5 - 6.5, Average of all Methods ,Auto Generated (CCMC),2016-02-05T213000-CME-001
"2016-02-09T07:00Z(-12.0h, +12.0h)",-56.9,40,2016-02-06T12:17Z,123.62,Max Kp Range: 3.0 - 6.0,SIDC ,Leila Mays (GSFC),2016-02-05T213000-CME-001
"2016-02-09T18:00Z(-7.0h, +7.0h)",-45.9,NA,2016-02-06T16:19Z,119.58,NA,WEC (GSFC SWRC) ,Leila Mays (GSFC),2016-02-05T213000-CME-001
2016-02-14T18:37Z,-10.63,100,2016-02-12T18:39Z,58.6,NA,SPM2 ,Xinhua Zhao (NSSC CAS),2016-02-11T212800-CME-001
2016-02-15T01:00Z,-4.25,NA,2016-02-12T17:19Z,59.93,Max Kp Range: -- - 5.0,WEC (NOAA/SWPC) ,Leila Mays (GSFC),2016-02-11T212800-CME-001
2016-02-15T03:00Z,-2.25,NA,2016-02-12T12:20Z,64.92,Max Kp Range: 3.0 - 5.0,WEC (Met Office) ,Met Office (Met Office),2016-02-11T212800-CME-001
"2016-02-15T03:00Z(-12.0h, +12.0h)",-2.25,70,2016-02-11T23:53Z,77.37,Max Kp Range: 4.0 - 7.0,SIDC ,Leila Mays (GSFC),2016-02-11T212800-CME-001
2016-02-15T03:42Z,-1.55,83.6667,NA,NA,Max Kp Range: 3.2 - 5.33333, Average of all Methods ,Auto Generated (CCMC),2016-02-11T212800-CME-001
"2016-02-15T05:51Z(-7.0h, +7.0h)",0.6,NA,2016-02-12T02:52Z,74.38,Max Kp Range: 3.0 - 5.0,WEC (GSFC SWRC) ,Ethan Robinett (CUA),2016-02-11T212800-CME-001
"2016-02-15T05:51Z(-7.0h, +7.0h)",0.6,81,2016-02-17T02:22Z,-45.12,Max Kp Range: 3.0 - 5.0,Ensemble WEC (GSFC SWRC) ,Ethan Robinett (CUA),2016-02-11T212800-CME-001
"2016-02-15T06:14Z(-7.0h, +7.0h)",0.98,NA,2016-02-12T02:27Z,74.8,Max Kp Range: 3.0 - 5.0,WEC (GSFC SWRC) ,Karin Muglach (GSFC),2016-02-11T212800-CME-001
2016-02-15T10:04Z,4.82,NA,2016-02-12T18:33Z,58.7,NA,SPM ,Xinhua Zhao (NSSC CAS),2016-02-11T212800-CME-001
2016-03-12T13:24Z,33.05,0,2016-03-12T11:16Z,-30.92,NA,SPM2 ,Xinhua Zhao (NSSC CAS),2016-03-08T200000-CME-001
2016-03-12T20:00Z,39.65,20,2016-03-09T17:02Z,35.32,Max Kp Range: 3.0 - 5.0,WEC (Met Office) ,Met Office (Met Office),2016-03-08T200000-CME-001
2016-03-12T20:43Z,40.37,10,NA,NA,Max Kp Range: 3.0 - 5.0, Average of all Methods ,Auto Generated (CCMC),2016-03-08T200000-CME-001
2016-03-13T04:45Z,48.4,NA,2016-03-12T11:15Z,-30.9,NA,SPM ,Xinhua Zhao (NSSC CAS),2016-03-08T200000-CME-001
2016-03-25T22:50Z,NA,100,2016-03-25T21:57Z,0.88,NA,SPM2 ,Xinhua Zhao (NSSC CAS),2016-03-23T050000-CME-001
"2016-03-26T04:00Z(-7.0h, +7.0h)",NA,NA,2016-03-23T22:52Z,53.13,NA,WEC (GSFC SWRC) ,Leila Mays (GSFC),2016-03-23T050000-CME-001
2016-03-26T11:12Z,NA,70,NA,NA,Max Kp Range: 3.0 - 4.0, Average of all Methods ,Auto Generated (CCMC),2016-03-23T050000-CME-001
2016-03-26T19:58Z,NA,NA,2016-03-25T22:00Z,21.97,NA,SPM ,Xinhua Zhao (NSSC CAS),2016-03-23T050000-CME-001
"2016-03-26T22:00Z(-4.0h, +12.0h)",NA,40,2016-03-24T02:10Z,67.83,Max Kp Range: 3.0 - 4.0,WEC (Met Office) ,Met Office (Met Office),2016-03-23T050000-CME-001
2016-04-09T14:00Z,NA,10,2016-04-07T15:23Z,46.62,Max Kp Range: 4.0 - 5.0,WEC (Met Office) ,Met Office (Met Office),2016-04-06T140000-CME-001
2016-04-09T15:27Z,NA,NA,2016-04-08T21:55Z,17.53,NA,SPM ,Xinhua Zhao (NSSC CAS),2016-04-06T140000-CME-001
2016-04-09T16:52Z,NA,5,NA,NA,Max Kp Range: 4.0 - 5.0, Average of all Methods ,Auto Generated (CCMC),2016-04-06T140000-CME-001
"2016-04-09T18:00Z(-7.0h, +7.0h)",NA,NA,2016-04-08T02:57Z,39.05,NA,WEC (GSFC SWRC) ,Karin Muglach (GSFC),2016-04-06T140000-CME-001
2016-04-09T20:02Z,NA,0,2016-04-08T21:59Z,22.05,NA,SPM2 ,Xinhua Zhao (NSSC CAS),2016-04-06T140000-CME-001
2016-04-13T04:51Z,-25.98,100,2016-04-12T20:30Z,34.33,NA,SPM2 ,Xinhua Zhao (NSSC CAS),2016-04-10T110000-CME-001
2016-04-13T12:44Z,-18.1,NA,2016-04-12T20:33Z,34.28,NA,SPM ,Xinhua Zhao (NSSC CAS),2016-04-10T110000-CME-001
2016-04-13T14:00Z,-16.83,NA,2016-04-11T05:07Z,73.72,Max Kp Range: -- - 5.0,WEC (NOAA/SWPC) ,Leila Mays (GSFC),2016-04-10T110000-CME-001
"2016-04-13T18:00Z(-12.0h, +6.0h)",-12.83,30,2016-04-11T05:45Z,73.08,Max Kp Range: 4.0 - 6.0,WEC (Met Office) ,Met Office (Met Office),2016-04-10T110000-CME-001
2016-04-13T18:15Z,-12.58,65,NA,NA,Max Kp Range: 4.0 - 5.5, Average of all Methods ,Auto Generated (CCMC),2016-04-10T110000-CME-001
"2016-04-14T00:00Z(-7.0h, +7.0h)",-6.83,NA,2016-04-11T00:54Z,77.93,NA,WEC (GSFC SWRC) ,Yaireska Collado (GSFC),2016-04-10T110000-CME-001
"2016-04-14T12:00Z(-12.0h, +12.0h)",5.17,NA,2016-04-11T12:30Z,66.33,NA,SIDC ,Leila Mays (GSFC),2016-04-10T110000-CME-001
2016-05-05T05:07Z,-34.68,0,2016-05-04T22:55Z,40.88,NA,SPM2 ,Xinhua Zhao (NSSC CAS),2016-05-02T084200-CME-001
2016-05-06T05:15Z,-10.55,5,NA,NA,Max Kp Range: -- - 5.0, Average of all Methods ,Auto Generated (CCMC),2016-05-02T084200-CME-001
"2016-05-06T10:00Z(-7.0h, +7.0h)",-5.8,NA,2016-05-02T16:01Z,95.78,NA,WEC (GSFC SWRC) ,Yaireska Collado (GSFC),2016-05-02T084200-CME-001
2016-05-06T12:00Z,-3.8,10,2016-05-03T02:52Z,84.93,Max Kp Range: -- - 5.0,WEC (Met Office) ,Met Office (Met Office),2016-05-02T084200-CME-001
2016-05-06T17:54Z,2.1,NA,2016-05-04T22:58Z,40.83,NA,SPM ,Xinhua Zhao (NSSC CAS),2016-05-02T084200-CME-001
"2016-05-18T00:30Z(-5.0h, +5.0h)",NA,80,2016-05-17T07:00Z,17.5,NA,DBM + ESWF ,Manuela Temmer (UNIGRAZ),2016-05-15T153600-CME-001
2016-05-18T08:07Z,NA,100,2016-05-18T07:58Z,0.15,NA,SPM2 ,Xinhua Zhao (NSSC CAS),2016-05-15T153600-CME-001
"2016-05-18T11:30Z(-12.0h, +12.0h)",NA,30,2016-05-17T10:16Z,25.23,Max Kp Range: 4.0 - 7.0,SIDC ,Leila Mays (GSFC),2016-05-15T153600-CME-001
2016-05-18T11:37Z,NA,70,NA,NA,Max Kp Range: 4.0 - 7.0, Average of all Methods ,Auto Generated (CCMC),2016-05-15T153600-CME-001
2016-05-19T02:22Z,NA,NA,2016-05-18T08:03Z,18.32,NA,SPM ,Xinhua Zhao (NSSC CAS),2016-05-15T153600-CME-001
2016-07-16T04:00Z,NA,NA,2016-07-15T02:00Z,26,Dst min. in nT: -95 Dst min. time: 2016-07-16T13:00Z ,Anemomilos ,WKent Tobiska (SET SWD),2016-06-30T013600-CME-001
2016-07-16T04:00Z,NA,NA,NA,NA,NA, Average of all Methods ,Auto Generated (CCMC),2016-06-30T013600-CME-001
2016-07-20T04:39Z,5.57,100,2016-07-19T06:44Z,16.35,NA,SPM2 ,Xinhua Zhao (NSSC CAS),2016-07-17T124800-CME-001
2016-07-20T21:00Z,21.92,NA,2016-07-17T17:22Z,53.72,NA,WEC (NOAA/SWPC) ,Leila Mays (GSFC),2016-07-17T124800-CME-001
"2016-07-20T22:00Z(-6.0h, +6.0h)",22.92,50,2016-07-17T17:00Z,54.08,Max Kp Range: 3.0 - 5.0,WEC (Met Office) ,Met Office (Met Office),2016-07-17T124800-CME-001
"2016-07-20T23:32Z(-9.77h, +11.12h)",24.45,91,2016-07-18T21:13Z,25.87,Max Kp Range: 2.0 - 4.0,Ensemble WEC (GSFC SWRC) ,Karin Muglach (GSFC),2016-07-17T124800-CME-001
"2016-07-21T00:04Z(-7.0h, +7.0h)",24.98,NA,2016-07-18T16:14Z,30.85,Max Kp Range: 3.0 - 6.0,WEC (GSFC SWRC) ,Yaireska Collado (GSFC),2016-07-17T124800-CME-001
2016-07-21T00:51Z,25.77,72.75,NA,NA,Max Kp Range: 2.75 - 5.25, Average of all Methods ,Auto Generated (CCMC),2016-07-17T124800-CME-001
2016-07-21T06:42Z,31.62,NA,2016-07-19T06:49Z,16.27,NA,SPM ,Xinhua Zhao (NSSC CAS),2016-07-17T124800-CME-001
"2016-07-22T00:00Z(-12.0h, +12.0h)",48.92,50,2016-07-18T12:25Z,34.67,Max Kp Range: 3.0 - 6.0,SIDC ,Leila Mays (GSFC),2016-07-17T124800-CME-001
2016-07-23T06:00Z,NA,20,NA,NA,Max Kp Range: 3.0 - 5.0, Average of all Methods ,Auto Generated (CCMC),2016-07-20T231200-CME-001
"2016-07-23T06:00Z(-12.0h, +12.0h)",NA,20,2016-07-22T07:20Z,22.67,Max Kp Range: 3.0 - 5.0,SIDC ,Leila Mays (GSFC),2016-07-20T231200-CME-001
2016-07-23T12:00Z,NA,NA,2016-07-21T14:00Z,46,Dst min. in nT: -57 Dst min. time: 2016-07-24T01:00Z ,Anemomilos ,WKent Tobiska (SET SWD),2016-07-20T020000-CME-001
2016-07-23T12:00Z,NA,NA,NA,NA,NA, Average of all Methods ,Auto Generated (CCMC),2016-07-20T020000-CME-001
2016-07-25T21:00Z,NA,15,NA,NA,Max Kp Range: 2.0 - 5.0, Average of all Methods ,Auto Generated (CCMC),2016-07-23T052400-CME-001
"2016-07-25T21:00Z(-12.0h, +12.0h)",NA,15,2016-07-24T06:58Z,38.03,Max Kp Range: 2.0 - 5.0,SIDC ,Leila Mays (GSFC),2016-07-23T052400-CME-001
"2016-08-01T12:00Z(-7.0h, +7.0h)",-23.38,NA,2016-07-29T16:53Z,90.5,Max Kp Range: 4.0 - 6.0,WEC (GSFC SWRC) ,Leila Mays (GSFC),2016-07-28T222400-CME-001
2016-08-02T00:00Z,-11.38,46.5,NA,NA,Max Kp Range: 3.66667 - 5.33333, Average of all Methods ,Auto Generated (CCMC),2016-07-28T222400-CME-001
"2016-08-02T00:00Z(-12.0h, +12.0h)",-11.38,60,2016-07-30T05:45Z,77.63,Max Kp Range: 4.0 - 5.0,WEC (Met Office) ,Met Office (Met Office),2016-07-28T222400-CME-001
"2016-08-02T12:00Z(-12.0h, +12.0h)",0.62,33,2016-07-29T13:55Z,93.47,Max Kp Range: 3.0 - 5.0,SIDC ,Leila Mays (GSFC),2016-07-28T222400-CME-001
2016-10-12T04:39Z,-16.7,0,2016-10-12T03:45Z,17.6,NA,SPM2 ,Xinhua Zhao (NSSC CAS),2016-10-09T020000-CME-001
"2016-10-13T00:00Z(-6.0h, +6.0h)",2.65,40,2016-10-10T11:00Z,58.35,Max Kp Range: 3.0 - 5.0,WEC (Met Office) ,Met Office (Met Office),2016-10-09T020000-CME-001
2016-10-13T13:03Z,15.7,26.6667,NA,NA,Max Kp Range: 3.5 - 5.33333, Average of all Methods ,Auto Generated (CCMC),2016-10-09T020000-CME-001
2016-10-13T16:00Z,18.65,NA,2016-10-09T17:06Z,76.25,Max Kp Range: -- - 5.0,WEC (NOAA/SWPC) ,Leila Mays (GSFC),2016-10-09T020000-CME-001
"2016-10-13T22:00Z(-12.0h, +12.0h)",24.65,40,2016-10-10T13:53Z,55.47,Max Kp Range: 4.0 - 6.0,SIDC ,Leila Mays (GSFC),2016-10-09T020000-CME-001
"2016-10-14T00:00Z(-7.0h, +7.0h)",26.65,NA,2016-10-10T14:39Z,54.7,NA,WEC (GSFC SWRC) ,Leila Mays (GSFC),2016-10-09T020000-CME-001
2016-10-14T11:44Z,38.38,NA,2016-10-12T03:43Z,17.63,NA,SPM ,Xinhua Zhao (NSSC CAS),2016-10-09T020000-CME-001
2016-10-23T23:00Z,NA,NA,2016-10-21T07:24Z,63.6,NA,WEC (NOAA/SWPC) ,Leila Mays (GSFC),2016-10-20T143600-CME-001
2016-10-23T23:00Z,NA,NA,NA,NA,NA, Average of all Methods ,Auto Generated (CCMC),2016-10-20T143600-CME-001
"2016-11-08T00:00Z(-9.0h, +6.0h)",-29.47,40,2016-11-06T01:00Z,76.47,Max Kp Range: 3.0 - 5.0,WEC (Met Office) ,Met Office (Met Office),2016-11-05T044800-CME-001
2016-11-08T10:00Z,-19.47,NA,2016-11-06T00:30Z,76.97,Max Kp Range: -- - 5.0,WEC (NOAA/SWPC) ,Barbara Thompson (GSFC),2016-11-05T044800-CME-001
2016-11-08T11:15Z,-18.22,57.5,NA,NA,Max Kp Range: 3.5 - 5.33333, Average of all Methods ,Auto Generated (CCMC),2016-11-05T044800-CME-001
"2016-11-08T16:00Z(-7.0h, +7.0h)",-13.47,NA,2016-11-05T17:52Z,83.6,NA,WEC (GSFC SWRC) ,Karin Muglach (GSFC),2016-11-05T044800-CME-001
"2016-11-08T19:00Z(-12.0h, +12.0h)",-10.47,75,2016-11-06T11:10Z,66.3,Max Kp Range: 4.0 - 6.0,SIDC ,Leila Mays (GSFC),2016-11-05T044800-CME-001
"2017-03-24T00:00Z(-7.0h, +7.0h)",15.15,NA,2017-03-20T14:57Z,65.9,NA,WEC (GSFC SWRC) ,Yaireska Collado (GSFC),2017-03-19T182400-CME-001
2017-03-24T09:00Z,24.15,NA,NA,NA,NA, Average of all Methods ,Auto Generated (CCMC),2017-03-19T182400-CME-001
2017-03-24T18:00Z,33.15,NA,2017-03-20T17:37Z,63.23,NA,WEC (Met Office) ,Met Office (Met Office),2017-03-19T182400-CME-001
2017-04-05T10:00Z,NA,NA,NA,NA,Max Kp Range: 3.0 - 5.0, Average of all Methods ,Auto Generated (CCMC),2017-04-01T221200-CME-001
"2017-04-05T10:00Z(-12.0h, +12.0h)",NA,NA,2017-04-02T13:07Z,68.88,Max Kp Range: 3.0 - 5.0,SIDC ,Leila Mays (GSFC),2017-04-01T221200-CME-001
2017-04-21T03:53Z,-7.45,20,2017-04-19T08:52Z,50.47,Max Kp Range: 4.0 - 6.0,SIDC ,Yaireska Collado (GSFC),2017-04-18T194800-CME-001
2017-04-21T03:53Z,-7.45,20,NA,NA,Max Kp Range: 4.0 - 6.0, Average of all Methods ,Auto Generated (CCMC),2017-04-18T194800-CME-001
2017-05-03T15:00Z,-26.5,30,NA,NA,Max Kp Range: 3.0 - 5.0, Average of all Methods ,Auto Generated (CCMC),2017-04-30T104000-CME-001
"2017-05-03T15:00Z(-9.0h, +9.0h)",-26.5,30,2017-04-30T22:10Z,91.33,Max Kp Range: 3.0 - 5.0,WEC (Met Office) ,Met Office (Met Office),2017-04-30T104000-CME-001
2017-05-09T02:00Z,NA,60,NA,NA,Max Kp Range: 3.0 - 5.0, Average of all Methods ,Auto Generated (CCMC),2017-05-04T213000-CME-001
"2017-05-09T02:00Z(-9.0h, +6.0h)",NA,60,2017-05-06T01:00Z,73,Max Kp Range: 3.0 - 5.0,WEC (Met Office) ,Met Office (Met Office),2017-05-04T213000-CME-001
2017-05-16T17:00Z,NA,NA,2017-05-14T19:21Z,45.65,Max Kp Range: -- - 6.0,WEC (NOAA/SWPC) ,Leila Mays (GSFC),2017-05-13T220000-CME-001
"2017-05-17T00:00Z(-4.0h, +15.0h)",NA,60,2017-05-14T14:07Z,57.88,Max Kp Range: 4.0 - 6.0,WEC (Met Office) ,Met Office (Met Office),2017-05-13T220000-CME-001
2017-05-17T06:15Z,NA,50,NA,NA,Max Kp Range: 3.5 - 5.33333, Average of all Methods ,Auto Generated (CCMC),2017-05-13T220000-CME-001
"2017-05-17T12:00Z(-7.0h, +7.0h)",NA,NA,2017-05-14T19:35Z,64.42,NA,WEC (GSFC SWRC) ,Alexandra Wold (SWRC),2017-05-13T220000-CME-001
"2017-05-17T20:00Z(-12.0h, +12.0h)",NA,40,2017-05-15T13:50Z,54.17,Max Kp Range: 3.0 - 4.0,SIDC ,Leila Mays (GSFC),2017-05-13T220000-CME-001
"2017-05-26T12:00Z(-12.0h, +12.0h)",-26.78,20,2017-05-24T13:24Z,73.38,Max Kp Range: 3.0 - 5.0,SIDC ,Yaireska Collado (GSFC),2017-05-23T060000-CME-001
2017-05-26T15:00Z,-23.78,NA,2017-05-24T08:20Z,78.45,Max Kp Range: 3.0 - 6.0,WEC (Met Office) ,Met Office (Met Office),2017-05-23T060000-CME-001
"2017-05-26T18:00Z(-7.0h, +7.0h)",-20.78,NA,2017-05-23T21:18Z,89.48,Max Kp Range: 2.0 - 4.0,WEC (GSFC SWRC) ,Yaireska Collado (GSFC),2017-05-23T060000-CME-001
2017-05-27T01:49Z,-12.97,20,NA,NA,Max Kp Range: 2.75 - 5.0, Average of all Methods ,Auto Generated (CCMC),2017-05-23T060000-CME-001
"2017-05-27T15:00Z(-12.0h, +12.0h)",0.22,20,2017-05-25T13:42Z,49.08,Max Kp Range: 3.0 - 5.0,SIDC ,Leila Mays (GSFC),2017-05-23T060000-CME-001
"2017-05-27T21:07Z(-4.0h, +4.0h)",6.33,NA,2017-05-25T09:23Z,53.4,NA,EAM,Evangelos Paouris (UoA),2017-05-23T060000-CME-001
"2017-07-02T19:30Z(-7.0h, +7.0h)",27.07,NA,2017-06-29T17:45Z,46.68,NA,WEC (GSFC SWRC) ,Yaireska Collado (GSFC),2017-06-28T162400-CME-001
"2017-07-02T21:00Z(-18.0h, +18.0h)",28.57,70,2017-06-29T08:22Z,56.07,Max Kp Range: 3.0 - 6.0,WEC (Met Office) ,Met Office (Met Office),2017-06-28T162400-CME-001
2017-07-03T02:20Z,33.9,70,NA,NA,Max Kp Range: 3.0 - 6.0, Average of all Methods ,Auto Generated (CCMC),2017-06-28T162400-CME-001
"2017-07-03T04:50Z(-3.5h, +3.5h)",36.4,NA,2017-06-30T09:40Z,30.77,NA,EAM,Evangelos Paouris (UoA),2017-06-28T162400-CME-001
"2017-07-03T12:00Z(-12.0h, +12.0h)",43.57,NA,2017-06-29T10:02Z,54.4,NA,SIDC ,Yaireska Collado (GSFC),2017-06-28T162400-CME-001
"2017-07-16T08:48Z(-5.0h, +5.0h)",3.57,NA,2017-07-14T20:20Z,32.9,NA,EAM,Evangelos Paouris (UoA),2017-07-14T013600-CME-001
2017-07-16T08:53Z,3.65,NA,2017-07-14T15:50Z,37.4,NA,SARM ,Marlon Nunez (UMA),2017-07-14T013600-CME-001
"2017-07-16T12:00Z(-12.0h, +12.0h)",6.77,NA,2017-07-14T12:50Z,40.4,Max Kp Range: -- - 5.0,SIDC ,Leila Mays (GSFC),2017-07-14T013600-CME-001
2017-07-16T14:27Z,9.22,93.5,NA,NA,Max Kp Range: 3.0 - 5.6, Average of all Methods ,Auto Generated (CCMC),2017-07-14T013600-CME-001
2017-07-16T15:00Z,9.77,90,2017-07-14T13:20Z,39.9,Max Kp Range: 4.0 - 7.0,WEC (Met Office) ,Met Office (Met Office),2017-07-14T013600-CME-001
"2017-07-16T16:51Z(-12.2h, +11.75h)",11.62,97,2017-07-14T18:47Z,34.45,Max Kp Range: 3.0 - 5.0,Ensemble WEC (GSFC SWRC) ,Leila Mays (GSFC),2017-07-14T013600-CME-001
2017-07-16T18:00Z,12.77,NA,2017-07-14T09:25Z,43.82,Max Kp Range: -- - 6.0,WEC (NOAA/SWPC) ,Leila Mays (GSFC),2017-07-14T013600-CME-001
"2017-07-16T21:42Z(-7.0h, +7.0h)",16.47,NA,2017-07-14T13:29Z,39.75,Max Kp Range: 2.0 - 5.0,WEC (GSFC SWRC) ,Barbara Thompson (GSFC),2017-07-14T013600-CME-001
2017-09-01T06:00Z,NA,NA,NA,NA,NA, Average of all Methods ,Auto Generated (CCMC),2017-08-28T183900-CME-001
"2017-09-01T06:00Z(-7.0h, +7.0h)",NA,NA,2017-08-29T15:35Z,62.42,NA,WEC (GSFC SWRC) ,Hayley Austin (CCMC),2017-08-28T183900-CME-001
"2017-09-06T06:45Z(-4.0h, +4.0h)",-16.38,NA,2017-09-05T09:40Z,37.47,NA,EAM,Evangelos Paouris (UoA),2017-09-04T203600-CME-001
"2017-09-06T12:00Z(-8.0h, +8.0h)",-11.13,90,2017-09-05T08:42Z,38.43,Max Kp Range: 5.0 - 8.0,SIDC ,Yaireska Collado (GSFC),2017-09-04T203600-CME-001
"2017-09-06T14:51Z(-7.0h, +7.0h)",-8.28,NA,2017-09-05T01:38Z,45.5,Max Kp Range: 5.0 - 7.0,WEC (GSFC SWRC) ,Leila Mays (GSFC),2017-09-04T203600-CME-001
2017-09-06T17:07Z,-6.02,NA,2017-09-05T02:27Z,44.68,NA,SARM ,Marlon Nunez (UMA),2017-09-04T203600-CME-001
2017-09-06T18:00Z,-5.13,NA,2017-09-05T12:30Z,34.63,Max Kp Range: 5.0 - 7.0,WEC (NOAA/SWPC) ,Yaireska Collado (GSFC),2017-09-04T203600-CME-001
2017-09-06T21:57Z,-1.18,82.25,NA,NA,Max Kp Range: 4.75 - 7.125, Average of all Methods ,Auto Generated (CCMC),2017-09-04T203600-CME-001
2017-09-06T22:00Z,-1.13,NA,2017-09-08T17:00Z,-41.87,NA,WEC (BoM) ,Yaireska Collado (GSFC),2017-09-04T203600-CME-001
"2017-09-06T22:00Z(-6.0h, +6.0h)",-1.13,70,2017-09-05T14:45Z,32.38,Max Kp Range: 5.0 - 8.0,WEC (Met Office) ,Met Office (Met Office),2017-09-04T203600-CME-001
"2017-09-07T03:45Z(-7.0h, +7.0h)",4.62,NA,2017-09-05T19:34Z,27.57,Max Kp Range: 4.0 - 6.0,WEC (GSFC SWRC) ,Barbara Thompson (GSFC),2017-09-04T203600-CME-001
2017-09-07T06:00Z,6.87,NA,2017-09-05T08:44Z,38.4,Max Kp Range: 5.0 - 7.0,BGS ,Yaireska Collado (GSFC),2017-09-04T203600-CME-001
2017-09-07T06:00Z,6.87,NA,2017-09-07T15:22Z,-16.23,Max Kp Range: 5.0 - 7.0,BGS ,Yaireska Collado (GSFC),2017-09-04T203600-CME-001
"2017-09-07T06:00Z(-6.0h, +6.0h)",6.87,80,2017-09-05T10:20Z,36.8,NA,DBM + ESWF ,Manuela Temmer (UNIGRAZ),2017-09-04T203600-CME-001
"2017-09-07T09:02Z(-8.1h, +14.1h)",9.9,89,2017-09-05T20:31Z,26.62,Max Kp Range: 4.0 - 7.0,Ensemble WEC (GSFC SWRC) ,Barbara Thompson (GSFC),2017-09-04T203600-CME-001
"2017-09-08T06:00Z(-2.0h, +2.0h)",7.5,NA,2017-09-07T16:30Z,6,NA,Ooty IPS ,Aleksandre Taktakishvili (GSFC),2017-09-06T122400-CME-001
"2017-09-08T06:00Z(-3.0h, +3.0h)",7.5,80,2017-09-07T05:00Z,17.5,Max Kp Range: 5.0 - 8.0,WEC (Met Office) ,Met Office (Met Office),2017-09-06T122400-CME-001
"2017-09-08T07:32Z(-5.0h, +6.0h)",9.03,NA,2017-09-07T08:33Z,13.95,NA,DBM ,Mateja Dumbovic (UNIGRAZ),2017-09-06T122400-CME-001
"2017-09-08T08:00Z(-3.0h, +3.0h)",9.5,70,2017-09-07T05:40Z,16.83,NA,DBM + ESWF ,Manuela Temmer (UNIGRAZ),2017-09-06T122400-CME-001
"2017-09-08T10:16Z(-4.0h, +4.0h)",11.77,NA,2017-09-07T09:00Z,13.5,NA,EAM,Evangelos Paouris (UoA),2017-09-06T122400-CME-001
2017-09-08T10:25Z,11.92,NA,2017-09-07T02:13Z,20.28,NA,SARM ,Marlon Nunez (UMA),2017-09-06T122400-CME-001
2017-09-08T10:42Z,12.2,NA,2017-09-07T15:55Z,6.58,NA,SPM ,Xinhua Zhao (NSSC CAS),2017-09-06T122400-CME-001
2017-09-08T12:46Z,14.27,84,NA,NA,Max Kp Range: 4.33333 - 6.5, Average of all Methods ,Auto Generated (CCMC),2017-09-06T122400-CME-001
"2017-09-08T13:00Z(-7.0h, +7.0h)",14.5,90,2017-09-07T08:25Z,14.08,Max Kp Range: 5.0 - 7.0, NSSC SEPC ,Jingjing Wang (NSSC SEPC),2017-09-06T122400-CME-001
2017-09-08T13:52Z,15.37,NA,2017-09-07T15:46Z,6.73,NA,SPM2 ,Xinhua Zhao (NSSC CAS),2017-09-06T122400-CME-001
"2017-09-08T15:48Z(-9.0h, +10.0h)",17.3,100,2017-09-07T14:53Z,7.62,Max Kp Range: 4.0 - 6.0,Ensemble WEC (GSFC SWRC) ,Hayley Austin (CCMC),2017-09-06T122400-CME-001
2017-09-08T16:00Z,17.5,NA,2017-09-09T12:59Z,-38.48,NA,WEC (BoM) ,Yaireska Collado (GSFC),2017-09-06T122400-CME-001
2017-09-08T16:30Z(+14.0h),18,NA,2017-09-07T12:32Z,9.97,NA, ElEvo ,Tanja Amerstorfer (SRI),2017-09-06T122400-CME-001
"2017-09-08T17:00Z(-12.0h, +12.0h)",18.5,80,2017-09-06T22:40Z,23.83,Max Kp Range: 4.0 - 6.0,SIDC ,Yaireska Collado (GSFC),2017-09-06T122400-CME-001
"2017-09-08T18:27Z(-7.0h, +7.0h)",19.95,NA,2017-09-06T17:23Z,29.12,Max Kp Range: 3.0 - 5.0,WEC (GSFC SWRC) ,Barbara Thompson (GSFC),2017-09-06T122400-CME-001
2017-09-08T22:00Z,23.5,NA,2017-09-06T23:24Z,23.1,Max Kp Range: 5.0 - 7.0,WEC (NOAA/SWPC) ,Yaireska Collado (GSFC),2017-09-06T122400-CME-001
"2017-09-11T12:00Z(-12.0h, +12.0h)",-31.43,NA,2017-09-11T08:29Z,34.95,NA,SIDC ,Leila Mays (GSFC),2017-09-10T160000-CME-001
"2017-09-12T01:30Z(-3.0h, +3.0h)",-17.93,NA,2017-09-11T14:29Z,28.95,NA,Ooty IPS ,Aleksandre Taktakishvili (GSFC),2017-09-10T160000-CME-001
"2017-09-12T05:00Z(-7.0h, +7.0h)",-14.43,70,2017-09-11T08:54Z,34.53,Max Kp Range: 4.0 - 6.0, NSSC SEPC ,Jingjing Wang (NSSC SEPC),2017-09-10T160000-CME-001
"2017-09-12T07:00Z(-12.0h, +12.0h)",-12.43,60,2017-09-11T12:07Z,31.32,Max Kp Range: 5.0 - 7.0,WEC (Met Office) ,Met Office (Met Office),2017-09-10T160000-CME-001
"2017-09-12T08:00Z(-7.0h, +7.0h)",-11.43,50,2017-09-11T14:16Z,29.17,Max Kp Range: 3.0 - 5.0,SIDC ,Leila Mays (GSFC),2017-09-10T160000-CME-001
2017-09-12T14:49Z,-4.62,48.25,NA,NA,Max Kp Range: 3.75 - 5.6, Average of all Methods ,Auto Generated (CCMC),2017-09-10T160000-CME-001
"2017-09-12T16:06Z(-5.4h, +7.7h)",-3.33,13,2017-09-11T16:28Z,26.97,Max Kp Range: 3.0 - 4.0,Ensemble WEC (GSFC SWRC) ,Leila Mays (GSFC),2017-09-10T160000-CME-001
"2017-09-13T02:00Z(-7.0h, +7.0h)",6.57,NA,2017-09-11T09:42Z,33.73,NA,WEC (GSFC SWRC) ,Leila Mays (GSFC),2017-09-10T160000-CME-001
"2017-09-13T02:34Z(-6.0h, +6.0h)",7.13,NA,2017-09-11T11:35Z,31.85,NA,EAM,Evangelos Paouris (UoA),2017-09-10T160000-CME-001
"2017-09-13T04:00Z(-7.0h, +7.0h)",8.57,NA,2017-09-10T20:04Z,47.37,NA,WEC (GSFC SWRC) ,Leila Mays (GSFC),2017-09-10T160000-CME-001
2017-09-13T18:00Z,22.57,NA,2017-09-11T03:25Z,40.02,Max Kp Range: -- - 6.0,WEC (NOAA/SWPC) ,Leila Mays (GSFC),2017-09-10T160000-CME-001
"2017-10-19T18:12Z(-7.0h, +7.0h)",-32.8,NA,2017-10-18T16:43Z,58.28,NA,WEC (GSFC SWRC) ,Leila Mays (GSFC),2017-10-18T070000-CME-001
2017-10-19T20:00Z,-31,NA,2017-10-18T16:36Z,58.4,NA,WEC (Met Office) ,Met Office (Met Office),2017-10-18T070000-CME-001
2017-10-19T21:44Z,-29.27,NA,NA,NA,NA, Average of all Methods ,Auto Generated (CCMC),2017-10-18T070000-CME-001
2017-10-20T03:00Z,-24,NA,2017-10-18T21:40Z,53.33,NA,SARM ,Marlon Nunez (UMA),2017-10-18T070000-CME-001
2017-11-28T02:00Z,NA,NA,2017-11-26T01:30Z,48.5,NA,WEC (KSWC) ,RWC Jeju (KSWC),2017-11-25T074000-CME-001
2017-11-28T20:21Z,NA,25,NA,NA,Max Kp Range: 3.0 - 4.5, Average of all Methods ,Auto Generated (CCMC),2017-11-25T074000-CME-001
"2017-11-28T22:00Z(-12.0h, +12.0h)",NA,20,2017-11-26T11:44Z,58.27,Max Kp Range: 3.0 - 4.0,SIDC ,Yaireska Collado (GSFC),2017-11-25T074000-CME-001
"2017-11-29T00:00Z(-7.0h, +7.0h)",NA,NA,2017-11-25T20:28Z,75.53,NA,WEC (GSFC SWRC) ,Leila Mays (GSFC),2017-11-25T074000-CME-001
2017-11-29T01:28Z,NA,NA,2017-11-29T13:19Z,-11.85,NA, Other ,Jiajia Liu (UoS),2017-11-25T074000-CME-001
2017-11-29T03:05Z,NA,30,2017-11-27T10:05Z,41,Max Kp Range: 3.0 - 5.0,WEC (Met Office) ,Met Office (Met Office),2017-11-25T074000-CME-001
"2017-12-19T21:00Z(-12.0h, +12.0h)",NA,20,2017-12-16T16:00Z,77,Max Kp Range: 3.0 - 5.0,WEC (Met Office) ,Met Office (Met Office),2017-12-15T153000-CME-001
"2017-12-20T00:00Z(-12.0h, +12.0h)",NA,20,2017-12-16T12:30Z,83.5,Max Kp Range: 2.0 - 4.0,SIDC ,Leila Mays (GSFC),2017-12-15T153000-CME-001
2017-12-20T05:30Z,NA,16.6667,NA,NA,Max Kp Range: 2.5 - 4.5, Average of all Methods ,Auto Generated (CCMC),2017-12-15T153000-CME-001
2017-12-20T07:00Z,NA,NA,2017-12-16T09:30Z,93.5,NA,WEC (KSWC) ,RWC Jeju (KSWC),2017-12-15T153000-CME-001
"2017-12-20T18:00Z(-7.0h, +7.0h)",NA,10,2017-12-15T23:51Z,114.15,NA,WEC (GSFC SWRC) ,Leila Mays (GSFC),2017-12-15T153000-CME-001
2018-02-14T05:00Z,-26.63,NA,2018-02-13T11:13Z,44.42,NA,WEC (KSWC) ,RWC Jeju (KSWC),2018-02-12T012500-CME-001
2018-02-14T09:00Z,-22.63,NA,2018-02-12T19:21Z,60.28,Max Kp Range: -- - 5.0,WEC (NOAA/SWPC) ,Leila Mays (GSFC),2018-02-12T012500-CME-001
2018-02-14T18:00Z,-13.63,NA,2018-02-13T09:57Z,45.68,NA,WEC (Met Office) ,Met Office (Met Office),2018-02-12T012500-CME-001
2018-02-14T22:25Z,-9.22,NA,2018-02-12T16:55Z,62.72,NA,SARM ,Marlon Nunez (UMA),2018-02-12T012500-CME-001
"2018-02-15T02:16Z(-14.3h, +10.4h)",-5.37,81,2018-02-13T15:27Z,40.18,Max Kp Range: 2.0 - 4.0,Ensemble WEC (GSFC SWRC) ,Michael GreklekMcKeon (CCMC),2018-02-12T012500-CME-001
2018-02-15T02:18Z,-5.33,NA,2018-02-13T12:10Z,43.47,NA,CAT-PUMA ,Jiajia Liu (UoS),2018-02-12T012500-CME-001
2018-02-15T06:09Z,-1.48,77.75,NA,NA,Max Kp Range: 2.75 - 4.6, Average of all Methods ,Auto Generated (CCMC),2018-02-12T012500-CME-001
"2018-02-15T06:24Z(-4.0h, +4.0h)",-1.23,NA,2018-02-13T07:00Z,48.63,NA,EAM,Evangelos Paouris (UoA),2018-02-12T012500-CME-001
"2018-02-15T06:42Z(-7.0h, +7.0h)",-0.93,NA,2018-02-12T16:33Z,63.08,Max Kp Range: 3.0 - 5.0,WEC (GSFC SWRC) ,Mary Aronne (SWRC),2018-02-12T012500-CME-001
"2018-02-15T11:59Z(-12.0h, +12.0h)",4.35,90,2018-02-12T14:27Z,65.18,Max Kp Range: 3.0 - 4.0,SIDC ,Leila Mays (GSFC),2018-02-12T012500-CME-001
2018-02-15T14:28Z,6.83,NA,2018-02-13T10:20Z,45.3,NA, ElEvo ,Tanja Amerstorfer (SRI),2018-02-12T012500-CME-001
"2018-02-15T16:30Z(-6.0h, +6.0h)",8.87,70,2018-02-12T16:30Z,63.13,NA,DBM ,Manuela Temmer (UNIGRAZ),2018-02-12T012500-CME-001
2018-02-16T04:00Z,20.37,NA,2018-02-15T23:59Z,-16.35,Dst min. in nT: -47 Dst min. time: 2018-02-16T16:00Z ,Anemomilos ,WKent Tobiska (SET SWD),2018-02-12T012500-CME-001
"2018-02-16T09:00Z(-7.0h, +7.0h)",25.37,70,2018-02-13T07:04Z,48.57,Max Kp Range: 3.0 - 5.0, NSSC SEPC ,Jingjing Wang (NSSC SEPC),2018-02-12T012500-CME-001
2018-03-08T15:46Z,-31.73,NA,2018-03-07T18:37Z,52.88,NA,SPM2 ,Xinhua Zhao (NSSC CAS),2018-03-05T233900-CME-001
2018-03-09T09:35Z,-13.92,NA,2018-03-07T18:38Z,52.87,NA,SPM ,Xinhua Zhao (NSSC CAS),2018-03-05T233900-CME-001
"2018-03-09T10:43Z(-8.0h, +8.0h)",-12.78,50,2018-03-07T09:00Z,62.5,NA,EAM,Evangelos Paouris (UoA),2018-03-05T233900-CME-001
"2018-03-09T14:30Z(-12.0h, +12.0h)",-9,5,2018-03-06T15:31Z,79.98,Max Kp Range: 2.0 - 4.0,SIDC ,Yaireska Collado (GSFC),2018-03-05T233900-CME-001
2018-03-09T14:38Z,-8.87,50.25,NA,NA,Max Kp Range: 2.0 - 4.5, Average of all Methods ,Auto Generated (CCMC),2018-03-05T233900-CME-001
"2018-03-09T16:00Z(-8.0h, +10.0h)",-7.5,86,2018-03-07T15:16Z,56.23,NA, Other ,Mateja Dumbovic (UNIGRAZ),2018-03-05T233900-CME-001
"2018-03-09T18:30Z(-10.0h, +10.0h)",-5,NA,2018-03-07T15:14Z,56.27,NA,DBM ,Mateja Dumbovic (UNIGRAZ),2018-03-05T233900-CME-001
2018-03-10T00:00Z,0.5,NA,2018-03-06T16:45Z,78.75,NA, WEC ,Michael GreklekMcKeon (CCMC),2018-03-05T233900-CME-001
"2018-03-10T08:00Z(-10.0h, +10.0h)",8.5,60,2018-03-08T01:22Z,46.13,Max Kp Range: 2.0 - 5.0,WEC (Met Office) ,Met Office (Met Office),2018-03-05T233900-CME-001
2018-03-10T14:00Z,NA,10,2018-03-07T16:14Z,69.77,Max Kp Range: 2.0 - 4.0,SIDC ,Mary Aronne (SWRC),2018-03-06T235400-CME-001
2018-03-10T14:00Z,NA,10,NA,NA,Max Kp Range: 2.0 - 4.0, Average of all Methods ,Auto Generated (CCMC),2018-03-06T235400-CME-001